idBank;Address;Working_hours
11;¬ологда, ¬окзальна€ ул., д.5;08:30Ц16:00
12;Ќефтекамск, ¬осточна€ ул., д.23;08:30Ц16:00
13;—еверодвинск, —тепна€ ул., д.32;08:30Ц16:00
14;Ќовороссийск, Ќова€ ул., д.87;08:30Ц16:00
15;Ќижний “агил, √ражданска€ ул., д.30;08:30Ц16:00
16;Ѕатайск, Ўоссейна€ ул., д.37;08:30Ц16:00
17; ерчь, —портивный пер., д.95;08:30Ц16:00
18;Ќижнекамск, “ельмана ул., д.42;08:30Ц16:00
19;ћытищи, ѕочтова€ ул., д.91;08:30Ц16:00
20;ћахачкала, ¬ишнева€ ул., д.88;08:30Ц16:00
21; омсомольск-на-јмуре, ¬ишнева€ ул., д.44;08:30Ц16:00
22;–€зань, ÷ентральна€ ул., д.81;08:30Ц16:00
23;ћагнитогорск, ƒорожна€ ул., д.26;08:30Ц16:00
24;¬олгодонск, „ехова ул., д.51;08:30Ц16:00
25;—моленск, ќстровского ул., д.30;08:30Ц16:00
26;Ќовороссийск, ћайска€ ул., д.23;08:30Ц16:00
27;ѕермь, ÷веточна€ ул., д.81;08:30Ц16:00
28;ћайкоп, „ернышевского ул., д.17;08:30Ц16:00
29;—очи,  омсомольский пер., д.25;08:30Ц16:00
30;јнгарск, ¬окзальна€ ул., д.69;08:30Ц16:00
31;»жевск, Ќижн€€ ул., д.94;08:30Ц16:00
32;Ѕалашиха, «вездна€ ул., д.12;08:30Ц16:00
33;ќренбург, «еленый пер., д.61;08:30Ц16:00
34;Ќовый ”ренгой,  лючева€ ул., д.37;08:30Ц16:00
35; азань, —оциалистическа€ ул., д.91;08:30Ц16:00
36;Ќижневартовск, ƒекабристов ул., д.40;08:30Ц16:00
37;Ѕийск,  расна€ ул., д.90;08:30Ц16:00
38;√розный, »нтернациональна€ ул., д.16;08:30Ц16:00
39;¬ологда, Ћесной пер., д.2;08:30Ц16:00
40;Ѕалашиха, ћагистральна€ ул., д.51;08:30Ц16:00
41; ерчь, —вободы ул., д.71;08:30Ц16:00
42;ќкт€брьский, „ехова ул., д.43;08:30Ц16:00
43;Ћипецк, Ќародна€ ул., д.18;08:30Ц16:00
44;—еверск, —еверна€ ул., д.28;08:30Ц16:00
45;ќдинцово,  отовского ул., д.75;08:30Ц16:00
46;—терлитамак, „ехова ул., д.10;08:30Ц16:00
47;јртем, ёбилейна€ ул., д.62;08:30Ц16:00
48; ерчь, ѕодгорна€ ул., д.10;08:30Ц16:00
49; урск, ƒачна€ ул., д.29;08:30Ц16:00
50;—ерпухов, «аводска€ ул., д.91;08:30Ц16:00
51;Ёнгельс, —оветска€ ул., д.84;08:30Ц16:00
52;Ќовокуйбышевск, перечень улиц –оссии., д.29;08:30Ц16:00
53;ƒимитровград,  омсомольский пер., д.73;08:30Ц16:00
54;ярославль, Ёнтузиастов ул., д.6;08:30Ц16:00
55;«латоуст, ‘абрична€ ул., д.90;08:30Ц16:00
56;ћытищи, —олнечный пер., д.84;08:30Ц16:00
57;¬олжский, “рудова€ ул., д.45;08:30Ц16:00
58;ќрехово-«уево, “имир€зева ул., д.83;08:30Ц16:00
59;—тарый ќскол, —троительна€ ул., д.88;08:30Ц16:00
60;–€зань, —овхозна€ ул., д.27;08:30Ц16:00
61;ќбнинск, —еверна€ ул., д.94;08:30Ц16:00
62;Ќовочебоксарск, Ўоссейна€ ул., д.81;08:30Ц16:00
63;”ссурийск, —основа€ ул., д.58;08:30Ц16:00
64;—ургут,  рылова ул., д.82;08:30Ц16:00
65;¬ологда, «аводской пер., д.18;08:30Ц16:00
66;јрмавир, Ўкольный пер., д.10;08:30Ц16:00
67;≈впатори€, “ерешковой ул., д.55;08:30Ц16:00
68;Ѕалашиха, перечень улиц –оссии., д.87;08:30Ц16:00
69; урган, ѕочтова€ ул., д.15;08:30Ц16:00
70;Ќорильск, ÷ентральна€ ул., д.85;08:30Ц16:00
71;ќмск, ¬окзальна€ ул., д.33;08:30Ц16:00
72; урган, Ѕольнична€ ул., д.65;08:30Ц16:00
73;–аменское, “иха€ ул., д.83;08:30Ц16:00
74;Ќижневартовск, Ёнтузиастов ул., д.12;08:30Ц16:00
75;—амара, Ѕуденного ул., д.87;08:30Ц16:00
76;¬олгодонск, —ветла€ ул., д.10;08:30Ц16:00
77;Ќевинномысск, √аражна€ ул., д.22;08:30Ц16:00
78;ƒзержинск,  омсомольский пер., д.84;08:30Ц16:00
79;“верь, Ёнгельса ул., д.36;08:30Ц16:00
80;¬еликий Ќовгород, 50 лет ѕобеды ул., д.6;08:30Ц16:00
81;Ѕр€нск, ћосковска€ ул., д.69;08:30Ц16:00
82;ѕермь, —еверный пер., д.21;08:30Ц16:00
83;ќрЄл, “руда ул., д.13;08:30Ц16:00
84;Ќовокуйбышевск, —танционна€ ул., д.73;08:30Ц16:00
85;ќрЄл, ћайска€ ул., д.67;08:30Ц16:00
86;„ереповец, Ќародна€ ул., д.16;08:30Ц16:00
87;–убцовск, «еленый пер., д.91;08:30Ц16:00
88;—алават, „апаева ул., д.32;08:30Ц16:00
89; емерово,  алинина ул., д.42;08:30Ц16:00
90;≈катеринбург, “ихий пер., д.19;08:30Ц16:00
91;Ќогинск, ƒачна€ ул., д.37;08:30Ц16:00
92;¬олгодонск, √агарина ул., д.94;08:30Ц16:00
93;Ќижний Ќовгород, Ѕерегова€ ул., д.18;08:30Ц16:00
94; опейск, “итова ул., д.39;08:30Ц16:00
95;“юмень, “ранспортна€ ул., д.74;08:30Ц16:00
96; азань, –абоча€ ул., д.81;08:30Ц16:00
97;≈лец, “аежна€ ул., д.54;08:30Ц16:00
98;ярославль, Ћенинградска€ ул., д.79;08:30Ц16:00
99;јстрахань, ¬осточна€ ул., д.91;08:30Ц16:00
100;ћахачкала, “олстого ул., д.69;08:30Ц16:00
101;ћурманск, ѕочтовый пер., д.5;08:30Ц16:00
102;ярославль, —оциалистическа€ ул., д.83;08:30Ц16:00
103; раснодар, ¬осточна€ ул., д.59;08:30Ц16:00
104;„еркесск, ѕочтова€ ул., д.49;08:30Ц16:00
105;“верь, «елена€ ул., д.1;08:30Ц16:00
106;”ль€новск, —иренева€ ул., д.22;08:30Ц16:00
107;Ќазрань, ¬осточный пер., д.83;08:30Ц16:00
108;Ќефтеюганск, ‘естивальна€ ул., д.27;08:30Ц16:00
109; раснодар, “ельмана ул., д.70;08:30Ц16:00
110;ўЄлково, Ўевченко ул., д.96;08:30Ц16:00
111;–убцовск, ћелиораторов ул., д.75;08:30Ц16:00
112; ерчь, Ћенина ул., д.36;08:30Ц16:00
113;Ѕийск, «вездна€ ул., д.64;08:30Ц16:00
114;—анкт-ѕетербург, «еленый пер., д.63;08:30Ц16:00
115;ќмск, Ћомоносова ул., д.49;08:30Ц16:00
116;ћосква, «ападна€ ул., д.81;08:30Ц16:00
117; алининград, ѕионерский пер., д.25;08:30Ц16:00
118;јчинск, „апаева ул., д.97;08:30Ц16:00
119;ќбнинск, «аводска€ ул., д.50;08:30Ц16:00
120;¬ладимир,  ирова ул., д.5;08:30Ц16:00
121;јнгарск, ¬ишнева€ ул., д.67;08:30Ц16:00
122;—еверодвинск,  ооперативна€ ул., д.64;08:30Ц16:00
123;ѕодольск, ¬олодарского ул., д.98;08:30Ц16:00
124;≈лец, √ерцена ул., д.77;08:30Ц16:00
125;≈лец, —троителей ул., д.90;08:30Ц16:00
126;ћурманск, —адова€ ул., д.27;08:30Ц16:00
127;–аменское, ѕромышленна€ ул., д.66;08:30Ц16:00
128; расногорск, “итова ул., д.21;08:30Ц16:00
129;Ћюберцы, —еверна€ ул., д.19;08:30Ц16:00
130;»жевск, —портивный пер., д.79;08:30Ц16:00
131;Ќефтекамск, √ерцена ул., д.71;08:30Ц16:00
132;Ќогинск, ћатросова ул., д.43;08:30Ц16:00
133;ћуром, «аречна€ ул., д.55;08:30Ц16:00
134;”фа, ѕромышленна€ ул., д.94;08:30Ц16:00
135;Ќогинск, Ћинейна€ ул., д.5;08:30Ц16:00
136;—ергиев ѕосад, ѕочтова€ ул., д.12;08:30Ц16:00
137;Ѕлаговещенск, Ѕазарна€ ул., д.70;08:30Ц16:00
138;јнгарск, ћарта ул., д.11;08:30Ц16:00
139;јбакан, —вободы ул., д.79;08:30Ц16:00
140; иров, “иха€ ул., д.40;08:30Ц16:00
141; оломна,  ресть€нска€ ул., д.17;08:30Ц16:00
142;ћурманск, Ћуначарского ул., д.30;08:30Ц16:00
143; оломна, “аежна€ ул., д.1;08:30Ц16:00
144;јнгарск, ≈сенина ул., д.11;08:30Ц16:00
145;Ќефтекамск, √айдара ул., д.60;08:30Ц16:00
146;“омск, √ражданска€ ул., д.54;08:30Ц16:00
147;Ёнгельс,  оммунистическа€ ул., д.65;08:30Ц16:00
148;ќбнинск, ѕионерский пер., д.12;08:30Ц16:00
149;”ссурийск, ѕочтова€ ул., д.43;08:30Ц16:00
150;Ќовокуйбышевск,  лубна€ ул., д.35;08:30Ц16:00
151;—ызрань, ћа€ковского ул., д.88;08:30Ц16:00
152;ƒербент, Ћенинска€ ул., д.10;08:30Ц16:00
153;Ѕарнаул, Ћесной пер., д.67;08:30Ц16:00
154;јстрахань, ўорса ул., д.53;08:30Ц16:00
155; овров, ¬ерхн€€ ул., д.46;08:30Ц16:00
156;јчинск, ћатросова ул., д.35;08:30Ц16:00
157;Ќазрань, —адовый пер., д.11;08:30Ц16:00
158;≈впатори€, «елена€ ул., д.29;08:30Ц16:00
159;—тарый ќскол,  олхозный пер., д.55;08:30Ц16:00
160; овров, «еленый пер., д.8;08:30Ц16:00
161; расно€рск, «еленый пер., д.58;08:30Ц16:00
162;—аратов,  лючева€ ул., д.44;08:30Ц16:00
163;”ссурийск, Ћесной пер., д.66;08:30Ц16:00
164;јбакан, «аречна€ ул., д.70;08:30Ц16:00
165; расно€рск, ѕрофсоюзна€ ул., д.63;08:30Ц16:00
166;’имки, Ќовый пер., д.4;08:30Ц16:00
167;“ула,  лючева€ ул., д.90;08:30Ц16:00
168;“омск,  лубна€ ул., д.62;08:30Ц16:00
169;якутск, ёжна€ ул., д.38;08:30Ц16:00
170;Ќабережные „елны, ѕаркова€ ул., д.10;08:30Ц16:00
171;—очи, √огол€ ул., д.46;08:30Ц16:00
172;’асавюрт, ќвражна€ ул., д.8;08:30Ц16:00
173;Ѕердск, „апаева ул., д.59;08:30Ц16:00
174;якутск, √ражданска€ ул., д.70;08:30Ц16:00
175;ƒомодедово, —вердлова ул., д.34;08:30Ц16:00
176;—имферополь, —олнечный пер., д.37;08:30Ц16:00
177;Ёлектросталь,  расноармейска€ ул., д.5;08:30Ц16:00
178;»ркутск, ќзерна€ ул., д.27;08:30Ц16:00
179;ѕервоуральск, Ѕерегова€ ул., д.33;08:30Ц16:00
180;…ошкар-ќла, «елена€ ул., д.25;08:30Ц16:00
181;Ќовый ”ренгой, Ќижн€€ ул., д.17;08:30Ц16:00
182;ѕсков, ѕаркова€ ул., д.12;08:30Ц16:00
183;Ќижневартовск, —оветский пер., д.27;08:30Ц16:00
184;—тарый ќскол,  отовского ул., д.57;08:30Ц16:00
185;ћиасс, —ибирска€ ул., д.89;08:30Ц16:00
186; урган, ёжный пер., д.21;08:30Ц16:00
187;Ѕердск, —тепна€ ул., д.51;08:30Ц16:00
188;Ўахты,  утузова ул., д.28;08:30Ц16:00
189;ћосква, —вободы ул., д.74;08:30Ц16:00
190;“амбов, Ёнгельса ул., д.29;08:30Ц16:00
191;“аганрог, √огол€ ул., д.63;08:30Ц16:00
192;…ошкар-ќла, ќкт€брьский пер., д.52;08:30Ц16:00
193;—амара, ѕервомайский пер., д.18;08:30Ц16:00
194; ерчь, ”рицкого ул., д.9;08:30Ц16:00
195;„еркесск, “иха€ ул., д.49;08:30Ц16:00
196;Ќазрань,  олхозна€ ул., д.9;08:30Ц16:00
197;”ль€новск, ‘абрична€ ул., д.28;08:30Ц16:00
198;Ќальчик, –ечной пер., д.94;08:30Ц16:00
199; алининград, «ападна€ ул., д.38;08:30Ц16:00
200;ќдинцово,  омсомольский пер., д.10;08:30Ц16:00
201;–ыбинск, √ерцена ул., д.52;08:30Ц16:00
202;’асавюрт, —еверный пер., д.54;08:30Ц16:00
203;ƒомодедово, «ападный пер., д.56;08:30Ц16:00
204;Ѕалашиха, —еверный пер., д.90;08:30Ц16:00
205;”фа, Ќекрасова ул., д.92;08:30Ц16:00
206;ќбнинск, —адова€ ул., д.1;08:30Ц16:00
207;—ыктывкар, ћолодежный пер., д.97;08:30Ц16:00
208;ќрск, —троителей ул., д.27;08:30Ц16:00
209;Ќо€брьск, „ернышевского ул., д.43;08:30Ц16:00
210;Ѕратск, —оветский пер., д.17;08:30Ц16:00
211;ƒербент, —оветска€ ул., д.24;08:30Ц16:00
212;ёжно-—ахалинск, —тепна€ ул., д.79;08:30Ц16:00
213;“юмень,  омсомольский пер., д.45;08:30Ц16:00
214;—ерпухов,  арла ћаркса ул., д.12;08:30Ц16:00
215;Ќефтекамск,  рупской ул., д.89;08:30Ц16:00
216;ƒербент, ¬орошилова ул., д.57;08:30Ц16:00
217;≈лец, —троительна€ ул., д.81;08:30Ц16:00
218;–убцовск, ‘рунзе ул., д.2;08:30Ц16:00
219;—аратов, —троительна€ ул., д.83;08:30Ц16:00
220;“амбов, Ўкольный пер., д.15;08:30Ц16:00
221;ѕрокопьевск,  ирова ул., д.77;08:30Ц16:00
222;ѕушкино, ёбилейна€ ул., д.11;08:30Ц16:00
223;ќренбург, Ћазо ул., д.13;08:30Ц16:00
224; емерово, –абочий пер., д.63;08:30Ц16:00
225;»ваново, –ечна€ ул., д.46;08:30Ц16:00
226;Ќижнекамск, —овхозна€ ул., д.7;08:30Ц16:00
227;јстрахань,  ирпична€ ул., д.91;08:30Ц16:00
228;ёжно-—ахалинск, ќкт€брьска€ ул., д.19;08:30Ц16:00
229;¬ладимир, ћелиораторов ул., д.44;08:30Ц16:00
230; емерово, ѕервомайска€ ул., д.51;08:30Ц16:00
231;ќрск, Ёнгельса ул., д.70;08:30Ц16:00
232;–остов-на-ƒону, Ѕазарна€ ул., д.64;08:30Ц16:00
233;ƒомодедово, ѕочтова€ ул., д.58;08:30Ц16:00
234;ѕервоуральск, –одникова€ ул., д.79;08:30Ц16:00
235;”лан-”дэ, Ўоссейна€ ул., д.80;08:30Ц16:00
236;ћытищи,  омсомольский пер., д.46;08:30Ц16:00
237;Ќовокузнецк, Ћенинградска€ ул., д.16;08:30Ц16:00
238;≈ссентуки, ¬орошилова ул., д.7;08:30Ц16:00
239;“оль€тти,  осмонавтов ул., д.13;08:30Ц16:00
240;„ереповец, Ћенинградска€ ул., д.87;08:30Ц16:00
241;Ѕелгород, Ѕазарна€ ул., д.23;08:30Ц16:00
242;ќбнинск, ќкт€брьска€ ул., д.58;08:30Ц16:00
243; оролЄв, —туденческа€ ул., д.11;08:30Ц16:00
244; раснодар, перечень улиц –оссии., д.34;08:30Ц16:00
245;¬еликий Ќовгород, ѕесочна€ ул., д.24;08:30Ц16:00
246; опейск, ¬ерхн€€ ул., д.22;08:30Ц16:00
247;»жевск, 1-ћа€ ул., д.95;08:30Ц16:00
248;Ќогинск, ƒекабристов ул., д.19;08:30Ц16:00
249;—еверодвинск, Ћинейна€ ул., д.88;08:30Ц16:00
250;Ќевинномысск, —олнечный пер., д.29;08:30Ц16:00
251;„ел€бинск, ёбилейна€ ул., д.18;08:30Ц16:00
252;Ѕийск, ѕодгорна€ ул., д.54;08:30Ц16:00
253;Ќефтеюганск,  ооперативна€ ул., д.19;08:30Ц16:00
254;ћытищи, —ветла€ ул., д.61;08:30Ц16:00
255;“юмень, ѕесчана€ ул., д.25;08:30Ц16:00
256;Ѕалашиха, —троителей ул., д.51;08:30Ц16:00
257;“аганрог, ѕобеды ул., д.90;08:30Ц16:00
258;—аратов, “итова ул., д.74;08:30Ц16:00
259;—ерпухов, Ќагорна€ ул., д.65;08:30Ц16:00
260;Ћюберцы, ¬окзальна€ ул., д.59;08:30Ц16:00
261;Ѕатайск, √агарина ул., д.10;08:30Ц16:00
262; аменск - ”ральский, Ўоссейна€ ул., д.59;08:30Ц16:00
263;јнгарск, —ибирска€ ул., д.8;08:30Ц16:00
264; острома, ѕобеды ул., д.35;08:30Ц16:00
265;ƒимитровград, ѕромышленна€ ул., д.3;08:30Ц16:00
266;Ќовошахтинск, ¬осточна€ ул., д.19;08:30Ц16:00
267;“аганрог, ћайска€ ул., д.92;08:30Ц16:00
268;јнгарск,  ћаркса ул., д.34;08:30Ц16:00
269;Ѕийск, “руда ул., д.24;08:30Ц16:00
270;јльметьевск,  оммунистическа€ ул., д.71;08:30Ц16:00
271;Ћипецк, «ападный пер., д.3;08:30Ц16:00
272;ћагнитогорск, —овхозна€ ул., д.29;08:30Ц16:00
273;Ўахты, ¬атутина ул., д.91;08:30Ц16:00
274;ƒимитровград, ќкт€брьска€ ул., д.84;08:30Ц16:00
275;јрзамас, Ћенина ул., д.64;08:30Ц16:00
276;Ќевинномысск, “ерешковой ул., д.50;08:30Ц16:00
277;ѕетрозаводск, ѕочтова€ ул., д.51;08:30Ц16:00
278;Ќальчик, —еверный пер., д.24;08:30Ц16:00
279;∆уковский,  лючева€ ул., д.70;08:30Ц16:00
280;—терлитамак, Ѕольничный пер., д.51;08:30Ц16:00
281;ћурманск,  ирова ул., д.58;08:30Ц16:00
282;„ита, —еверный пер., д.39;08:30Ц16:00
283;Ќовомосковск, Ўирока€ ул., д.25;08:30Ц16:00
284;Ќефтекамск,  расна€ ул., д.7;08:30Ц16:00
285;Ќовый ”ренгой, √айдара ул., д.93;08:30Ц16:00
286; острома, “ургенева ул., д.62;08:30Ц16:00
287;ќдинцово, Ћенинска€ ул., д.22;08:30Ц16:00
288;—амара, Ћазо ул., д.24;08:30Ц16:00
289; алуга,  омарова ул., д.95;08:30Ц16:00
290;¬олгоград, ƒружбы ул., д.43;08:30Ц16:00
291;јнгарск, ћарта ул., д.42;08:30Ц16:00
292;Ќефтекамск, ƒорожна€ ул., д.89;08:30Ц16:00
293; аспийск, ‘естивальна€ ул., д.21;08:30Ц16:00
294;Ѕердск, ѕочтова€ ул., д.2;08:30Ц16:00
295;ѕ€тигорск, Ћуначарского ул., д.73;08:30Ц16:00
296; урск, Ћесной пер., д.31;08:30Ц16:00
297;—моленск, Ўкольный пер., д.35;08:30Ц16:00
298;Ќаходка, Ѕольничный пер., д.7;08:30Ц16:00
299;—ыктывкар, ќвражна€ ул., д.62;08:30Ц16:00
300;јртем, ‘урманова ул., д.15;08:30Ц16:00
301;√розный, —туденческа€ ул., д.15;08:30Ц16:00
302;Ќабережные „елны, √агарина ул., д.80;08:30Ц16:00
303;Ѕалашиха,  убанска€ ул., д.87;08:30Ц16:00
304;—тарый ќскол, —олнечный пер., д.61;08:30Ц16:00
305;“ула, лет ќкт€бр€ ул., д.95;08:30Ц16:00
306;—анкт-ѕетербург, ѕугачева ул., д.31;08:30Ц16:00
307;ќмск, ÷веточна€ ул., д.57;08:30Ц16:00
308;”ссурийск, √ерцена ул., д.84;08:30Ц16:00
309;Ёлиста, “имир€зева ул., д.22;08:30Ц16:00
310; емерово, ¬осточна€ ул., д.4;08:30Ц16:00
311;¬олгодонск, ћира ул., д.32;08:30Ц16:00
312; острома, —иренева€ ул., д.63;08:30Ц16:00
313; азань, Ѕерегова€ ул., д.38;08:30Ц16:00
314;Ќовочебоксарск, ћагистральна€ ул., д.64;08:30Ц16:00
315;—очи, Ћомоносова ул., д.76;08:30Ц16:00
316;∆уковский, “ерешковой ул., д.31;08:30Ц16:00
317; расно€рск, √ерцена ул., д.99;08:30Ц16:00
318;јбакан,  олхозный пер., д.98;08:30Ц16:00
319;Ѕийск, —адовый пер., д.26;08:30Ц16:00
320; аспийск, —вердлова ул., д.92;08:30Ц16:00
321;Ћюберцы, ѕесчана€ ул., д.10;08:30Ц16:00
322;”фа, ѕушкина ул., д.50;08:30Ц16:00
323;“амбов, 50 лет ѕобеды ул., д.93;08:30Ц16:00
324;јртем, 1-ћа€ ул., д.69;08:30Ц16:00
325;ѕ€тигорск, ћелиораторов ул., д.75;08:30Ц16:00
326;Ѕелгород, “ранспортна€ ул., д.64;08:30Ц16:00
327;–ыбинск,  ћаркса ул., д.88;08:30Ц16:00
328;ўЄлково, „айковского ул., д.62;08:30Ц16:00
329;ќмск, ќзерна€ ул., д.98;08:30Ц16:00
330; опейск, —танционна€ ул., д.77;08:30Ц16:00
331; алининград, ¬ишнева€ ул., д.62;08:30Ц16:00
332; оломна, „апаева ул., д.48;08:30Ц16:00
333;Ёлиста, ќрджоникидзе ул., д.85;08:30Ц16:00
334;ёжно-—ахалинск, “рактова€ ул., д.17;08:30Ц16:00
335;–убцовск, √айдара ул., д.90;08:30Ц16:00
336;Ёнгельс, “итова ул., д.93;08:30Ц16:00
337;Ћипецк, —туденческа€ ул., д.81;08:30Ц16:00
338;≈лец, ћосковска€ ул., д.31;08:30Ц16:00
339; оломна, —портивна€ ул., д.61;08:30Ц16:00
340;ѕодольск,  отовского ул., д.98;08:30Ц16:00
341;ћурманск, ћолодежна€ ул., д.33;08:30Ц16:00
342;ќбнинск, ƒальн€€ ул., д.45;08:30Ц16:00
343;—ерпухов, „ернышевского ул., д.6;08:30Ц16:00
344;—аранск, ”ральска€ ул., д.65;08:30Ц16:00
345;„ебоксары, “имир€зева ул., д.73;08:30Ц16:00
346;ѕервоуральск, Ћомоносова ул., д.39;08:30Ц16:00
347;¬еликий Ќовгород,  алинина ул., д.44;08:30Ц16:00
348;ўЄлково, «еленый пер., д.86;08:30Ц16:00
349;Ѕийск, Ѕольничный пер., д.34;08:30Ц16:00
350; иров, ƒружбы ул., д.56;08:30Ц16:00
351;Ќовосибирск, ѕривокзальна€ ул., д.58;08:30Ц16:00
352;»ркутск, —адова€ ул., д.65;08:30Ц16:00
353;Ѕердск, ‘абрична€ ул., д.79;08:30Ц16:00
354;јбакан, Ћесной пер., д.28;08:30Ц16:00
355;ѕодольск, ћайска€ ул., д.92;08:30Ц16:00
356;Ќовокуйбышевск, ќвражна€ ул., д.57;08:30Ц16:00
357;¬еликий Ќовгород, –еволюционна€ ул., д.69;08:30Ц16:00
358;Ёлектросталь,  рылова ул., д.31;08:30Ц16:00
359;јрмавир, ƒекабристов ул., д.74;08:30Ц16:00
360;—ыктывкар, ѕесочна€ ул., д.37;08:30Ц16:00
361;”ссурийск, ”ральска€ ул., д.43;08:30Ц16:00
362;Ћюберцы, “руда ул., д.66;08:30Ц16:00
363;ѕ€тигорск, Ћенинска€ ул., д.65;08:30Ц16:00
364; ерчь, ¬осточна€ ул., д.91;08:30Ц16:00
365; омсомольск-на-јмуре, Ќародна€ ул., д.33;08:30Ц16:00
366;∆уковский,  ооперативна€ ул., д.66;08:30Ц16:00
367;„ел€бинск, “аежна€ ул., д.32;08:30Ц16:00
368;–ыбинск, ќвражна€ ул., д.34;08:30Ц16:00
369;ќренбург, Ћомоносова ул., д.97;08:30Ц16:00
370;“верь, Ћесна€ ул., д.20;08:30Ц16:00
371; азань, ¬есенн€€ ул., д.47;08:30Ц16:00
372;—еверск, “ихий пер., д.51;08:30Ц16:00
373;ѕушкино,  олхозна€ ул., д.83;08:30Ц16:00
374;јльметьевск, Ёнгельса ул., д.32;08:30Ц16:00
375; исловодск, Ћинейна€ ул., д.11;08:30Ц16:00
376;—еверодвинск, Ѕазарна€ ул., д.66;08:30Ц16:00
377;Ѕерезники, Ѕазарна€ ул., д.13;08:30Ц16:00
378;јртем,  убанска€ ул., д.99;08:30Ц16:00
379;ƒзержинск, «вездна€ ул., д.99;08:30Ц16:00
380;—очи, “ранспортна€ ул., д.33;08:30Ц16:00
381;ёжно-—ахалинск,  лубна€ ул., д.93;08:30Ц16:00
382;¬ладимир,  расна€ ул., д.19;08:30Ц16:00
383;Ѕалаково, “аежна€ ул., д.41;08:30Ц16:00
384;—аратов, ‘абрична€ ул., д.52;08:30Ц16:00
385;Ћипецк, ќрджоникидзе ул., д.52;08:30Ц16:00
386;—моленск, “олстого ул., д.12;08:30Ц16:00
387;Ќальчик, “аежна€ ул., д.10;08:30Ц16:00
388;ћиасс, ”ральска€ ул., д.14;08:30Ц16:00
389;ѕрокопьевск, ёжный пер., д.99;08:30Ц16:00
390;јстрахань, —портивный пер., д.84;08:30Ц16:00
391;ѕенза, —вердлова ул., д.54;08:30Ц16:00
392;Ѕалаково, ѕолева€ ул., д.66;08:30Ц16:00
393;ѕушкино, ќвражна€ ул., д.15;08:30Ц16:00
394;≈впатори€, √ражданска€ ул., д.7;08:30Ц16:00
395;Ќовошахтинск, —туденческа€ ул., д.43;08:30Ц16:00
396;Ќаходка, —вердлова ул., д.6;08:30Ц16:00
397;ѕермь, Ѕазарна€ ул., д.53;08:30Ц16:00
398;Ѕелгород, Ќабережна€ ул., д.12;08:30Ц16:00
399; опейск,  расна€ ул., д.36;08:30Ц16:00
400;”фа, Ѕерезова€ ул., д.93;08:30Ц16:00
401;ќрехово-«уево, —олнечна€ ул., д.88;08:30Ц16:00
402;ѕсков, √агарина ул., д.32;08:30Ц16:00
403;Ќовый ”ренгой, ƒачна€ ул., д.88;08:30Ц16:00
404;„ел€бинск, —ветла€ ул., д.2;08:30Ц16:00
405; исловодск, „ернышевского ул., д.68;08:30Ц16:00
406; ерчь, –оссийска€ ул., д.49;08:30Ц16:00
407;“юмень, ѕушкина ул., д.70;08:30Ц16:00
408;…ошкар-ќла, »нтернациональна€ ул., д.75;08:30Ц16:00
409;Ќовокузнецк, Ѕерегова€ ул., д.3;08:30Ц16:00
410;Ќазрань, √орна€ ул., д.79;08:30Ц16:00
411;¬ладивосток, √айдара ул., д.16;08:30Ц16:00
412;„ебоксары, Ўевченко ул., д.29;08:30Ц16:00
413;—моленск, —еверна€ ул., д.74;08:30Ц16:00
414;Ќовосибирск, ƒекабристов ул., д.69;08:30Ц16:00
415;ћайкоп, ћира ул., д.95;08:30Ц16:00
416;¬ладивосток, Ћесной пер., д.61;08:30Ц16:00
417;Ѕердск,  ирова ул., д.74;08:30Ц16:00
418;ƒомодедово, √ерцена ул., д.35;08:30Ц16:00
419;јрмавир, ўорса ул., д.18;08:30Ц16:00
420;Ќо€брьск, —ветла€ ул., д.97;08:30Ц16:00
421;Ќижний Ќовгород, Ўоссейна€ ул., д.63;08:30Ц16:00
422;јртем, Ѕуденного ул., д.12;08:30Ц16:00
423; аспийск, Ќижн€€ ул., д.50;08:30Ц16:00
424;Ќижнекамск, «аречна€ ул., д.58;08:30Ц16:00
425; оролЄв, Ќовый пер., д.59;08:30Ц16:00
426;¬ладимир, Ёнтузиастов ул., д.33;08:30Ц16:00
427;ќдинцово, Ћомоносова ул., д.66;08:30Ц16:00
428;Ёнгельс, ∆елезнодорожна€ ул., д.49;08:30Ц16:00
429;ќмск, —еверна€ ул., д.44;08:30Ц16:00
430;Ќевинномысск, Ћуначарского ул., д.39;08:30Ц16:00
431;ѕенза, ‘естивальна€ ул., д.23;08:30Ц16:00
432;»ваново, ƒружбы ул., д.81;08:30Ц16:00
433;Ќовошахтинск, ѕромышленна€ ул., д.3;08:30Ц16:00
434;ѕодольск, Ѕольничный пер., д.1;08:30Ц16:00
435;Ѕалашиха, –абочий пер., д.56;08:30Ц16:00
436;—еверодвинск, Ќова€ ул., д.10;08:30Ц16:00
437;’абаровск, √ерцена ул., д.85;08:30Ц16:00
438;ћосква, Ћомоносова ул., д.82;08:30Ц16:00
439;”лан-”дэ, “рудова€ ул., д.7;08:30Ц16:00
440;Ѕалашиха,  расна€ ул., д.3;08:30Ц16:00
441;¬ологда,  лючева€ ул., д.89;08:30Ц16:00
442;“юмень, —овхозна€ ул., д.12;08:30Ц16:00
443;Ќижневартовск, перечень улиц –оссии., д.64;08:30Ц16:00
444;Ќовороссийск, –оссийска€ ул., д.35;08:30Ц16:00
445;ѕермь, —троителей ул., д.73;08:30Ц16:00
446;ѕодольск,  лючева€ ул., д.93;08:30Ц16:00
447;≈впатори€,  ирпична€ ул., д.45;08:30Ц16:00
448;Ќорильск, —овхозна€ ул., д.4;08:30Ц16:00
449;„ел€бинск, «ападный пер., д.92;08:30Ц16:00
450; ерчь,  ћаркса ул., д.34;08:30Ц16:00
451;ћайкоп, Ќова€ ул., д.88;08:30Ц16:00
452;¬еликий Ќовгород, «еленый пер., д.68;08:30Ц16:00
453;»ркутск, ћатросова ул., д.58;08:30Ц16:00
454;ѕермь,  оммунальна€ ул., д.95;08:30Ц16:00
455;“оль€тти, —туденческа€ ул., д.82;08:30Ц16:00
456;—тарый ќскол, –одникова€ ул., д.23;08:30Ц16:00
457;”лан-”дэ, ќвражна€ ул., д.25;08:30Ц16:00
458;јрхангельск, —ибирска€ ул., д.80;08:30Ц16:00
459;“ула, √огол€ ул., д.7;08:30Ц16:00
460;¬олгоград, ѕионерска€ ул., д.82;08:30Ц16:00
461;–ыбинск,  ћаркса ул., д.2;08:30Ц16:00
462;—еверодвинск, ƒекабристов ул., д.31;08:30Ц16:00
463;Ќовокуйбышевск, ¬атутина ул., д.15;08:30Ц16:00
464;Ћюберцы, √агарина ул., д.6;08:30Ц16:00
465;“оль€тти,  уйбышева ул., д.86;08:30Ц16:00
466;√розный, ѕервомайска€ ул., д.62;08:30Ц16:00
467;’абаровск, Ќова€ ул., д.23;08:30Ц16:00
468;—ыктывкар, ѕромышленна€ ул., д.33;08:30Ц16:00
469;“верь, –ечной пер., д.31;08:30Ц16:00
470;ћиасс,  ооперативна€ ул., д.14;08:30Ц16:00
471;”ссурийск, —портивный пер., д.41;08:30Ц16:00
472;¬ологда,  лючева€ ул., д.57;08:30Ц16:00
473;—анкт-ѕетербург, —олнечный пер., д.20;08:30Ц16:00
474;—евастополь,  арла ћаркса ул., д.32;08:30Ц16:00
475;—имферополь, —иренева€ ул., д.16;08:30Ц16:00
476;ўЄлково, —иренева€ ул., д.11;08:30Ц16:00
477;Ѕердск, «аводской пер., д.88;08:30Ц16:00
478;Ѕалаково, Ќагорна€ ул., д.75;08:30Ц16:00
479; аменск - ”ральский, ¬атутина ул., д.10;08:30Ц16:00
480;ќбнинск,  ћаркса ул., д.87;08:30Ц16:00
481;¬оронеж, «аводска€ ул., д.54;08:30Ц16:00
482;ƒзержинск, Ёнергетиков ул., д.41;08:30Ц16:00
483;ƒимитровград, ўорса ул., д.93;08:30Ц16:00
484;¬ологда, ѕервомайска€ ул., д.85;08:30Ц16:00
485; раснодар,  омсомольска€ ул., д.79;08:30Ц16:00
486;јбакан, ƒорожна€ ул., д.21;08:30Ц16:00
487;—имферополь, ƒружбы ул., д.73;08:30Ц16:00
488;”фа, “аежна€ ул., д.69;08:30Ц16:00
489;ќдинцово,  арла ћаркса ул., д.57;08:30Ц16:00
490;ѕсков,  арла ћаркса ул., д.83;08:30Ц16:00
491;Ѕелгород, ўорса ул., д.38;08:30Ц16:00
492;Ќабережные „елны, ѕрофсоюзна€ ул., д.64;08:30Ц16:00
493;Ќо€брьск, ћеханизаторов ул., д.23;08:30Ц16:00
494; опейск, ‘рунзе ул., д.74;08:30Ц16:00
495;ƒзержинск, «ападный пер., д.34;08:30Ц16:00
496;ќрЄл, Ќижн€€ ул., д.76;08:30Ц16:00
497;ќренбург, ёжный пер., д.87;08:30Ц16:00
498;Ќовокузнецк, Ћомоносова ул., д.49;08:30Ц16:00
499;Ќальчик, ѕролетарска€ ул., д.59;08:30Ц16:00
500;Ќальчик, 50 лет ѕобеды ул., д.33;08:30Ц16:00
501;„ереповец, —еверна€ ул., д.2;08:30Ц16:00
502;Ќазрань,  утузова ул., д.29;08:30Ц16:00
503;Ѕатайск,  ирпична€ ул., д.94;08:30Ц16:00
504;ярославль, ѕролетарска€ ул., д.47;08:30Ц16:00
505;ѕервоуральск, —адова€ ул., д.41;08:30Ц16:00
506;јрзамас, ƒачна€ ул., д.75;08:30Ц16:00
507;ќрехово-«уево,  ооперативна€ ул., д.44;08:30Ц16:00
508;”ль€новск, Ўевченко ул., д.14;08:30Ц16:00
509;Ќижний “агил, „айковского ул., д.16;08:30Ц16:00
510;Ќовочеркасск, ћатросова ул., д.99;08:30Ц16:00
511;¬олжский, “ургенева ул., д.13;08:30Ц16:00
512; алининград, »нтернациональна€ ул., д.24;08:30Ц16:00
513;Ќевинномысск, ÷веточна€ ул., д.6;08:30Ц16:00
514; амышин, —танционна€ ул., д.91;08:30Ц16:00
515;∆уковский, ”ральска€ ул., д.5;08:30Ц16:00
516;“верь, Ёнтузиастов ул., д.9;08:30Ц16:00
517;’абаровск, ‘абрична€ ул., д.25;08:30Ц16:00
518;ћиасс, ћагистральна€ ул., д.72;08:30Ц16:00
519;—амара, Ѕерезова€ ул., д.45;08:30Ц16:00
520;“амбов,  убанска€ ул., д.6;08:30Ц16:00
521;’асавюрт, ¬атутина ул., д.4;08:30Ц16:00
522;ѕетропавловск- амчатский, Ќародна€ ул., д.75;08:30Ц16:00
523;≈ссентуки, —ветла€ ул., д.31;08:30Ц16:00
524;–убцовск, —овхозна€ ул., д.53;08:30Ц16:00
525;—евастополь, ћосковска€ ул., д.5;08:30Ц16:00
526;—таврополь, лет ќкт€бр€ ул., д.51;08:30Ц16:00
527;Ѕалашиха, “олстого ул., д.2;08:30Ц16:00
528;Ќовошахтинск, Ћомоносова ул., д.4;08:30Ц16:00
529;ѕервоуральск, Ѕольнична€ ул., д.51;08:30Ц16:00
530;»ваново, ћира ул., д.96;08:30Ц16:00
531;ћагнитогорск, –абоча€ ул., д.38;08:30Ц16:00
532;—ыктывкар, √орна€ ул., д.68;08:30Ц16:00
533;”ссурийск, Ќагорна€ ул., д.95;08:30Ц16:00
534;ѕетропавловск- амчатский, Ќижн€€ ул., д.12;08:30Ц16:00
535;ѕенза, “ерешковой ул., д.90;08:30Ц16:00
536;Ќовошахтинск, —оциалистическа€ ул., д.83;08:30Ц16:00
537; омсомольск-на-јмуре, „айковского ул., д.1;08:30Ц16:00
538;Ќефтеюганск, ѕервомайска€ ул., д.74;08:30Ц16:00
539; амышин, ÷ентральна€ ул., д.20;08:30Ц16:00
540;»ваново, ћагистральна€ ул., д.5;08:30Ц16:00
541;”лан-”дэ, ‘естивальна€ ул., д.52;08:30Ц16:00
542;—алават, —олнечный пер., д.50;08:30Ц16:00
543;ќрск, √агарина ул., д.76;08:30Ц16:00
544;—амара, Ѕазарна€ ул., д.20;08:30Ц16:00
545;≈катеринбург, Ѕольничный пер., д.93;08:30Ц16:00
546;„ереповец, лет ќкт€бр€ ул., д.20;08:30Ц16:00
547;–аменское, ѕодгорна€ ул., д.94;08:30Ц16:00
548; расно€рск,  ольцева€ ул., д.95;08:30Ц16:00
549;Ќальчик, ћелиораторов ул., д.90;08:30Ц16:00
550;¬ладикавказ, Ћенинградска€ ул., д.33;08:30Ц16:00
551;–убцовск, ‘естивальна€ ул., д.21;08:30Ц16:00
552;ѕушкино, ѕролетарска€ ул., д.44;08:30Ц16:00
553;ћосква,  ирова ул., д.13;08:30Ц16:00
554;¬олгоград, ѕартизанска€ ул., д.90;08:30Ц16:00
555;Ѕарнаул, ѕервомайска€ ул., д.57;08:30Ц16:00
556; омсомольск-на-јмуре, ћосковска€ ул., д.11;08:30Ц16:00
557;ќкт€брьский, ”ральска€ ул., д.44;08:30Ц16:00
558;Ќижний “агил, Ўирока€ ул., д.46;08:30Ц16:00
559;ћиасс,  омарова ул., д.40;08:30Ц16:00
560;ёжно-—ахалинск, √аражна€ ул., д.96;08:30Ц16:00
561; опейск, “ургенева ул., д.26;08:30Ц16:00
562;„ита, √агарина ул., д.39;08:30Ц16:00
563;Ќовороссийск, —овхозна€ ул., д.32;08:30Ц16:00
564;—очи, —троителей ул., д.98;08:30Ц16:00
565;„ереповец, ƒружбы ул., д.9;08:30Ц16:00
566; азань, ёжна€ ул., д.47;08:30Ц16:00
567;Ѕалашиха, Ѕольнична€ ул., д.50;08:30Ц16:00
568;—анкт-ѕетербург, √айдара ул., д.75;08:30Ц16:00
569;ѕ€тигорск, √ражданска€ ул., д.44;08:30Ц16:00
570;јрхангельск, √ражданска€ ул., д.64;08:30Ц16:00
571; острома, Ёнгельса ул., д.15;08:30Ц16:00
572;—аратов, ‘рунзе ул., д.42;08:30Ц16:00
573;Ќижний Ќовгород, –одникова€ ул., д.94;08:30Ц16:00
574;Ќовомосковск, Ћесной пер., д.12;08:30Ц16:00
575;јрмавир, ћира ул., д.21;08:30Ц16:00
576;”ссурийск, Ѕерегова€ ул., д.85;08:30Ц16:00
577;¬олжский, ѕугачева ул., д.66;08:30Ц16:00
578;Ћюберцы, ћелиораторов ул., д.60;08:30Ц16:00
579;Ќовомосковск, ћатросова ул., д.34;08:30Ц16:00
580;јбакан, ћолодежна€ ул., д.8;08:30Ц16:00
581;—моленск, «еленый пер., д.75;08:30Ц16:00
582;ўЄлково, ”рицкого ул., д.88;08:30Ц16:00
583;Ќефтекамск, —оветский пер., д.20;08:30Ц16:00
584;≈лец, «ападный пер., д.91;08:30Ц16:00
585;ѕенза, ѕервомайский пер., д.29;08:30Ц16:00
586;ћытищи, —туденческа€ ул., д.64;08:30Ц16:00
587;„еркесск, ћосковска€ ул., д.89;08:30Ц16:00
588;Ѕелгород, —адовый пер., д.94;08:30Ц16:00
589; аспийск, Ўкольна€ ул., д.39;08:30Ц16:00
590;јрзамас, «ападна€ ул., д.45;08:30Ц16:00
591;Ѕр€нск, —туденческа€ ул., д.70;08:30Ц16:00
592;ѕ€тигорск, ƒачна€ ул., д.63;08:30Ц16:00
593;Ќовочеркасск, ¬атутина ул., д.58;08:30Ц16:00
594;Ќовошахтинск, „айковского ул., д.11;08:30Ц16:00
595;—анкт-ѕетербург, Ѕерезова€ ул., д.11;08:30Ц16:00
596;Ќефтекамск,  олхозна€ ул., д.82;08:30Ц16:00
597;Ѕерезники, лет ќкт€бр€ ул., д.38;08:30Ц16:00
598; иров, Ѕерезова€ ул., д.19;08:30Ц16:00
599;“аганрог, “итова ул., д.95;08:30Ц16:00
600;Ќефтеюганск, «аводска€ ул., д.31;08:30Ц16:00
601;—очи, ћеханизаторов ул., д.20;08:30Ц16:00
602;¬ладивосток, ѕобеды ул., д.80;08:30Ц16:00
603;Ўахты,  ресть€нска€ ул., д.2;08:30Ц16:00
604;√розный, “олстого ул., д.86;08:30Ц16:00
605;ќкт€брьский, –одникова€ ул., д.40;08:30Ц16:00
606;„ел€бинск, Ќародна€ ул., д.68;08:30Ц16:00
607;ѕермь, Ћугова€ ул., д.68;08:30Ц16:00
608;—терлитамак, ƒачна€ ул., д.31;08:30Ц16:00
609; оролЄв, —адовый пер., д.69;08:30Ц16:00
610;ќренбург, ёжна€ ул., д.47;08:30Ц16:00
611;ќрск, —троителей ул., д.95;08:30Ц16:00
612;’асавюрт, ќрджоникидзе ул., д.4;08:30Ц16:00
613;јчинск, ¬окзальна€ ул., д.73;08:30Ц16:00
614;Ќижний Ќовгород, “рудова€ ул., д.23;08:30Ц16:00
615;ќдинцово, ћостова€ ул., д.66;08:30Ц16:00
616;ќрехово-«уево, 1-ћа€ ул., д.58;08:30Ц16:00
617;¬оронеж,  расна€ ул., д.99;08:30Ц16:00
618; аменск - ”ральский, —адова€ ул., д.30;08:30Ц16:00
619;јрзамас,  уйбышева ул., д.98;08:30Ц16:00
620;”фа, —портивный пер., д.63;08:30Ц16:00
621;–ыбинск, 1-ћа€ ул., д.84;08:30Ц16:00
622;¬олжский, √айдара ул., д.31;08:30Ц16:00
623;ќрск,  ольцева€ ул., д.17;08:30Ц16:00
624;јльметьевск, —уворова ул., д.15;08:30Ц16:00
625;—очи, —уворова ул., д.93;08:30Ц16:00
626;—еверодвинск, ‘рунзе ул., д.46;08:30Ц16:00
627;Ќовошахтинск, “ельмана ул., д.47;08:30Ц16:00
628;Ќовочебоксарск, “иха€ ул., д.79;08:30Ц16:00
629;Ќовый ”ренгой,  рылова ул., д.80;08:30Ц16:00
630;—таврополь,  оммунистическа€ ул., д.12;08:30Ц16:00
631;—очи, “руда ул., д.48;08:30Ц16:00
632;Ћюберцы, 1-ћа€ ул., д.61;08:30Ц16:00
633;ћуром, ¬осточна€ ул., д.73;08:30Ц16:00
634;Ќовый ”ренгой, ‘естивальна€ ул., д.55;08:30Ц16:00
635;ћосква, √айдара ул., д.52;08:30Ц16:00
636; раснодар, ѕервомайска€ ул., д.96;08:30Ц16:00
637;Ёлиста, «ападна€ ул., д.84;08:30Ц16:00
638; оролЄв, ћостова€ ул., д.5;08:30Ц16:00
639;“амбов, ћелиораторов ул., д.42;08:30Ц16:00
640;Ёлектросталь,  расноармейска€ ул., д.66;08:30Ц16:00
641;—имферополь, ѕесчана€ ул., д.50;08:30Ц16:00
642;”ссурийск, «аводской пер., д.14;08:30Ц16:00
643;ѕермь,  утузова ул., д.50;08:30Ц16:00
644; алуга,  расноармейска€ ул., д.42;08:30Ц16:00
645;јнгарск, ћарта ул., д.84;08:30Ц16:00
646;¬ладивосток,  ирпична€ ул., д.21;08:30Ц16:00
647;–остов-на-ƒону, ћолодежна€ ул., д.80;08:30Ц16:00
648;∆уковский,  ресть€нска€ ул., д.54;08:30Ц16:00
649;—имферополь, ¬осточна€ ул., д.72;08:30Ц16:00
650;Ќо€брьск,  ресть€нска€ ул., д.23;08:30Ц16:00
651;ёжно-—ахалинск,  лубна€ ул., д.57;08:30Ц16:00
652;Ћюберцы, 50 лет ѕобеды ул., д.78;08:30Ц16:00
653; емерово, Ћуначарского ул., д.78;08:30Ц16:00
654;Ёнгельс,  уйбышева ул., д.88;08:30Ц16:00
655;ќрехово-«уево, ѕугачева ул., д.98;08:30Ц16:00
656;ўЄлково, “рудова€ ул., д.60;08:30Ц16:00
657;якутск, Ќижн€€ ул., д.80;08:30Ц16:00
658; азань, √аражна€ ул., д.79;08:30Ц16:00
659;Ѕарнаул, ¬ишнева€ ул., д.14;08:30Ц16:00
660;¬ладивосток, ёжный пер., д.49;08:30Ц16:00
661;”ль€новск, √агарина ул., д.33;08:30Ц16:00
662; урск, лет ќкт€бр€ ул., д.10;08:30Ц16:00
663;Ћипецк, —адова€ ул., д.30;08:30Ц16:00
664;Ќовочебоксарск,  ирова ул., д.75;08:30Ц16:00
665;—таврополь, “ельмана ул., д.52;08:30Ц16:00
666;»жевск, Ёнгельса ул., д.25;08:30Ц16:00
667;≈ссентуки, Ћенина ул., д.37;08:30Ц16:00
668;јчинск, –ечна€ ул., д.31;08:30Ц16:00
669;Ѕалаково,  оммунальна€ ул., д.27;08:30Ц16:00
670;√розный, Ћазо ул., д.6;08:30Ц16:00
671;¬оронеж, ‘абрична€ ул., д.62;08:30Ц16:00
672; овров, ƒальн€€ ул., д.98;08:30Ц16:00
673;ѕетрозаводск,  олхозна€ ул., д.54;08:30Ц16:00
674;”ссурийск, Ўевченко ул., д.96;08:30Ц16:00
675;—терлитамак, —троителей ул., д.71;08:30Ц16:00
676;Ќабережные „елны, —троителей ул., д.83;08:30Ц16:00
677;Ѕалашиха, ¬окзальна€ ул., д.3;08:30Ц16:00
678;—евастополь, ѕаркова€ ул., д.65;08:30Ц16:00
679;јстрахань,  алинина ул., д.85;08:30Ц16:00
680;Ёнгельс, Ѕуденного ул., д.87;08:30Ц16:00
681; опейск, ‘урманова ул., д.93;08:30Ц16:00
682;ћосква, ћарта ул., д.77;08:30Ц16:00
683;јрмавир,  уйбышева ул., д.37;08:30Ц16:00
684;’асавюрт,  уйбышева ул., д.98;08:30Ц16:00
685;Ќазрань, ‘абрична€ ул., д.18;08:30Ц16:00
686;Ћюберцы, —адовый пер., д.3;08:30Ц16:00
687; опейск, —троителей ул., д.38;08:30Ц16:00
688;—терлитамак, —оветска€ ул., д.8;08:30Ц16:00
689;«латоуст,  убанска€ ул., д.65;08:30Ц16:00
690; исловодск, —олнечный пер., д.45;08:30Ц16:00
691;—еверодвинск, лет ќкт€бр€ ул., д.81;08:30Ц16:00
692; опейск, ѕушкина ул., д.52;08:30Ц16:00
693;”ссурийск, —танционна€ ул., д.92;08:30Ц16:00
694;“верь, ѕобеды ул., д.97;08:30Ц16:00
695;јльметьевск, ƒружбы ул., д.63;08:30Ц16:00
696;јльметьевск,  утузова ул., д.81;08:30Ц16:00
697;ѕермь,  расна€ ул., д.4;08:30Ц16:00
698;—терлитамак, Ћенина ул., д.23;08:30Ц16:00
699;»ваново, Ўкольный пер., д.29;08:30Ц16:00
700;ќкт€брьский,  оммунальна€ ул., д.51;08:30Ц16:00
701;∆уковский, ћолодежный пер., д.62;08:30Ц16:00
702; расногорск,  ирпична€ ул., д.54;08:30Ц16:00
703;¬еликий Ќовгород, ”рицкого ул., д.52;08:30Ц16:00
704;ћосква, перечень улиц –оссии., д.39;08:30Ц16:00
705;¬еликий Ќовгород, Ќародна€ ул., д.31;08:30Ц16:00
706;Ќефтекамск, —олнечный пер., д.29;08:30Ц16:00
707;¬еликий Ќовгород, „ернышевского ул., д.30;08:30Ц16:00
708;Ќовокузнецк, Ћесна€ ул., д.86;08:30Ц16:00
709;¬ладикавказ, —овхозна€ ул., д.27;08:30Ц16:00
710;Ўахты, –абочий пер., д.43;08:30Ц16:00
711;јбакан, ѕрофсоюзна€ ул., д.3;08:30Ц16:00
712;„ел€бинск, «аречна€ ул., д.68;08:30Ц16:00
713;—еверск,  уйбышева ул., д.11;08:30Ц16:00
714; омсомольск-на-јмуре, ∆елезнодорожна€ ул., д.28;08:30Ц16:00
715;Ќогинск, «еленый пер., д.10;08:30Ц16:00
716;„ереповец, Ќагорна€ ул., д.82;08:30Ц16:00
717;Ќовый ”ренгой,  ирова ул., д.98;08:30Ц16:00
718;Ёлектросталь,  утузова ул., д.57;08:30Ц16:00
719;—ызрань, ћагистральна€ ул., д.58;08:30Ц16:00
720;ћуром,  оммунистическа€ ул., д.67;08:30Ц16:00
721;ўЄлково, ўорса ул., д.94;08:30Ц16:00
722;“амбов, —основа€ ул., д.77;08:30Ц16:00
723;¬олжский,  омарова ул., д.23;08:30Ц16:00
724;—ургут, лет ќкт€бр€ ул., д.45;08:30Ц16:00
725;Ѕерезники, Ќова€ ул., д.55;08:30Ц16:00
726;Ќижневартовск, Ћесной пер., д.60;08:30Ц16:00
727;–€зань, ћостова€ ул., д.69;08:30Ц16:00
728;¬олгодонск,  осмонавтов ул., д.89;08:30Ц16:00
729;¬олгоград, ќвражна€ ул., д.73;08:30Ц16:00
730;√розный,  ресть€нска€ ул., д.83;08:30Ц16:00
731;Ќовокуйбышевск, ќвражна€ ул., д.1;08:30Ц16:00
732;Ќовочеркасск,  омарова ул., д.14;08:30Ц16:00
733; емерово, Ёнгельса ул., д.88;08:30Ц16:00
734;ћытищи, ƒружбы ул., д.35;08:30Ц16:00
735;»ваново,  отовского ул., д.34;08:30Ц16:00
736;Ќовомосковск, Ќекрасова ул., д.95;08:30Ц16:00
737;ћурманск, ¬ишнева€ ул., д.25;08:30Ц16:00
738;Ћюберцы,  оммунальна€ ул., д.45;08:30Ц16:00
739;якутск, ÷ентральна€ ул., д.97;08:30Ц16:00
740;”ль€новск, —троительна€ ул., д.11;08:30Ц16:00
741;”ль€новск, Ќовый пер., д.53;08:30Ц16:00
742; аспийск, Ћесна€ ул., д.36;08:30Ц16:00
743;ўЄлково, ѕионерска€ ул., д.53;08:30Ц16:00
744;Ќовомосковск, «аречна€ ул., д.7;08:30Ц16:00
745;”ссурийск, Ёнгельса ул., д.70;08:30Ц16:00
746; аспийск,  расноармейска€ ул., д.8;08:30Ц16:00
747; оломна, “ельмана ул., д.47;08:30Ц16:00
748;Ѕр€нск, ¬окзальна€ ул., д.90;08:30Ц16:00
749;Ќижневартовск, «елена€ ул., д.19;08:30Ц16:00
750;ƒербент, «елена€ ул., д.37;08:30Ц16:00
751;—амара, ёбилейна€ ул., д.80;08:30Ц16:00
752;ѕсков,  рупской ул., д.49;08:30Ц16:00
753; оролЄв,  ольцева€ ул., д.16;08:30Ц16:00
754;ѕсков, ѕесчана€ ул., д.11;08:30Ц16:00
755;Ќижний “агил, ѕрофсоюзна€ ул., д.10;08:30Ц16:00
756;ќрехово-«уево, –одникова€ ул., д.90;08:30Ц16:00
757; омсомольск-на-јмуре, —уворова ул., д.19;08:30Ц16:00
758;ƒимитровград, „ехова ул., д.81;08:30Ц16:00
759; емерово, ѕромышленна€ ул., д.70;08:30Ц16:00
760;Ќогинск, —троительна€ ул., д.9;08:30Ц16:00
761;ћосква, ѕартизанска€ ул., д.9;08:30Ц16:00
762;ћиасс,  убанска€ ул., д.41;08:30Ц16:00
763;≈катеринбург, ѕушкина ул., д.22;08:30Ц16:00
764;ћахачкала, —вердлова ул., д.80;08:30Ц16:00
765;Ѕалаково, Ћесна€ ул., д.2;08:30Ц16:00
766;ќмск, Ўкольный пер., д.34;08:30Ц16:00
767; овров,  олхозна€ ул., д.28;08:30Ц16:00
768;“амбов, √агарина ул., д.78;08:30Ц16:00
769;ѕ€тигорск, ∆елезнодорожна€ ул., д.84;08:30Ц16:00
770;ѕ€тигорск, ћарта ул., д.79;08:30Ц16:00
771;≈лец, ѕервомайский пер., д.46;08:30Ц16:00
772;ћуром, ћичурина ул., д.16;08:30Ц16:00
773; опейск, Ѕуденного ул., д.78;08:30Ц16:00
774;ћытищи, Ћуначарского ул., д.30;08:30Ц16:00
775;“ула,  алинина ул., д.60;08:30Ц16:00
776;¬олгоград, “олстого ул., д.11;08:30Ц16:00
777;Ќаходка, ѕервомайска€ ул., д.19;08:30Ц16:00
778;ћуром, –абочий пер., д.52;08:30Ц16:00
779;„еркесск, »нтернациональна€ ул., д.22;08:30Ц16:00
780;¬олжский,  ооперативна€ ул., д.80;08:30Ц16:00
781; исловодск, ¬атутина ул., д.74;08:30Ц16:00
782;’абаровск, Ћугова€ ул., д.25;08:30Ц16:00
783;Ќижневартовск, ћолодежный пер., д.27;08:30Ц16:00
784; овров, ѕионерска€ ул., д.61;08:30Ц16:00
785;јбакан, ƒзержинского ул., д.75;08:30Ц16:00
786;Ќефтеюганск, “иха€ ул., д.79;08:30Ц16:00
787;Ќовороссийск, ”рицкого ул., д.14;08:30Ц16:00
788;”фа, ѕролетарска€ ул., д.45;08:30Ц16:00
789;“омск, Ћермонтова ул., д.80;08:30Ц16:00
790;ѕрокопьевск, Ћесной пер., д.45;08:30Ц16:00
791;”ль€новск, ќстровского ул., д.88;08:30Ц16:00
792;—аратов, Ўкольна€ ул., д.49;08:30Ц16:00
793;¬еликий Ќовгород, ћатросова ул., д.57;08:30Ц16:00
794;ќрехово-«уево, ‘абрична€ ул., д.31;08:30Ц16:00
795; урган, Ќабережна€ ул., д.66;08:30Ц16:00
796; урск, Ѕелинского ул., д.10;08:30Ц16:00
797;„ереповец, Ёнтузиастов ул., д.99;08:30Ц16:00
798;”лан-”дэ, перечень улиц –оссии., д.34;08:30Ц16:00
799;—терлитамак, √агарина ул., д.56;08:30Ц16:00
800;—таврополь, “рактова€ ул., д.97;08:30Ц16:00
801; иров, Ћомоносова ул., д.56;08:30Ц16:00
802; расногорск, —туденческа€ ул., д.66;08:30Ц16:00
803; емерово, —адовый пер., д.48;08:30Ц16:00
804;¬ладимир, ќвражна€ ул., д.60;08:30Ц16:00
805;—имферополь, Ќижн€€ ул., д.99;08:30Ц16:00
806;јбакан, ћеханизаторов ул., д.10;08:30Ц16:00
807; алуга, ‘рунзе ул., д.45;08:30Ц16:00
808;¬ладимир, Ћенинградска€ ул., д.89;08:30Ц16:00
809;Ќаходка, √айдара ул., д.4;08:30Ц16:00
810; расно€рск,  алинина ул., д.94;08:30Ц16:00
811;“омск, »нтернациональна€ ул., д.5;08:30Ц16:00
812;“амбов, —основа€ ул., д.14;08:30Ц16:00
813;”фа, –ечна€ ул., д.63;08:30Ц16:00
814;ћайкоп, 1-ћа€ ул., д.8;08:30Ц16:00
815;“верь,  омарова ул., д.19;08:30Ц16:00
816;Ѕатайск,  лубна€ ул., д.15;08:30Ц16:00
817; расногорск,  олхозный пер., д.21;08:30Ц16:00
818;ѕ€тигорск, Ѕерегова€ ул., д.19;08:30Ц16:00
819;ќдинцово, ћа€ковского ул., д.8;08:30Ц16:00
820; амышин,  ольцева€ ул., д.69;08:30Ц16:00
821;Ќижний Ќовгород, –еволюционна€ ул., д.36;08:30Ц16:00
822; опейск, Ћенинградска€ ул., д.36;08:30Ц16:00
823;јнгарск,  рылова ул., д.45;08:30Ц16:00
824;»ваново,  ресть€нска€ ул., д.20;08:30Ц16:00
825;ѕетрозаводск, Ћазо ул., д.65;08:30Ц16:00
826;ѕетрозаводск, —адовый пер., д.85;08:30Ц16:00
827;јрзамас, —основа€ ул., д.6;08:30Ц16:00
828;ћайкоп, —вердлова ул., д.61;08:30Ц16:00
829;ќдинцово,  отовского ул., д.77;08:30Ц16:00
830;Ѕалашиха, Ћугова€ ул., д.20;08:30Ц16:00
831;Ќовомосковск, „калова ул., д.41;08:30Ц16:00
832;Ќовочеркасск, Ѕольнична€ ул., д.62;08:30Ц16:00
833;ѕетропавловск- амчатский, «ападна€ ул., д.86;08:30Ц16:00
834;„ебоксары, ќзерна€ ул., д.40;08:30Ц16:00
835;„ел€бинск, “ургенева ул., д.75;08:30Ц16:00
836;„ебоксары, “олстого ул., д.5;08:30Ц16:00
837;”лан-”дэ, ÷веточна€ ул., д.14;08:30Ц16:00
838;”ль€новск,  алинина ул., д.58;08:30Ц16:00
839;ѕетропавловск- амчатский, перечень улиц –оссии., д.29;08:30Ц16:00
840;ѕервоуральск, ѕролетарска€ ул., д.54;08:30Ц16:00
841;—аранск, √айдара ул., д.72;08:30Ц16:00
842;Ќогинск, —уворова ул., д.71;08:30Ц16:00
843;Ќовомосковск, —олнечный пер., д.68;08:30Ц16:00
844;Ќижний “агил, ћосковска€ ул., д.48;08:30Ц16:00
845;ћытищи, ёбилейна€ ул., д.80;08:30Ц16:00
846; ерчь, Ѕерегова€ ул., д.68;08:30Ц16:00
847;—анкт-ѕетербург, ћайска€ ул., д.77;08:30Ц16:00
848;Ѕарнаул, ¬окзальна€ ул., д.17;08:30Ц16:00
849;–ыбинск,  оммунальна€ ул., д.97;08:30Ц16:00
850;≈впатори€, ‘естивальна€ ул., д.61;08:30Ц16:00
851;“омск, «вездна€ ул., д.61;08:30Ц16:00
852;“оль€тти,  лючева€ ул., д.23;08:30Ц16:00
853;“верь, ѕрофсоюзна€ ул., д.82;08:30Ц16:00
854;¬ологда,  осмонавтов ул., д.38;08:30Ц16:00
855;„еркесск, —олнечный пер., д.62;08:30Ц16:00
856;Ќовошахтинск, Ћесной пер., д.30;08:30Ц16:00
857;¬ологда, ѕионерска€ ул., д.79;08:30Ц16:00
858;¬олгоград, ѕобеды ул., д.42;08:30Ц16:00
859;Ѕатайск, ѕочтова€ ул., д.12;08:30Ц16:00
860;Ќальчик, ‘рунзе ул., д.93;08:30Ц16:00
861;Ќо€брьск, Ќовоселов ул., д.34;08:30Ц16:00
862;–€зань, »нтернациональна€ ул., д.76;08:30Ц16:00
863;“верь, ќзерна€ ул., д.6;08:30Ц16:00
864;ѕушкино, ‘естивальна€ ул., д.80;08:30Ц16:00
865;Ќорильск, 1-ћа€ ул., д.23;08:30Ц16:00
866;ѕервоуральск, Ќовый пер., д.36;08:30Ц16:00
867;ƒзержинск, —троителей ул., д.99;08:30Ц16:00
868;Ўахты, ƒальн€€ ул., д.8;08:30Ц16:00
869;—ызрань, ≈сенина ул., д.17;08:30Ц16:00
870;Ћипецк,  расна€ ул., д.61;08:30Ц16:00
871;Ёнгельс, Ќовый пер., д.34;08:30Ц16:00
872;ћуром, Ћенина ул., д.13;08:30Ц16:00
873;ƒзержинск,  олхозный пер., д.69;08:30Ц16:00
874;—евастополь,  убанска€ ул., д.15;08:30Ц16:00
875;—еверодвинск, ‘естивальна€ ул., д.83;08:30Ц16:00
876;ќбнинск, Ўевченко ул., д.44;08:30Ц16:00
877;Ќальчик, ¬атутина ул., д.25;08:30Ц16:00
878;»жевск, Ѕольничный пер., д.91;08:30Ц16:00
879;Ѕарнаул, ¬осточный пер., д.27;08:30Ц16:00
880;Ёлиста, ”ральска€ ул., д.78;08:30Ц16:00
881;≈впатори€, Ѕазарна€ ул., д.54;08:30Ц16:00
882;Ќижний Ќовгород, „ехова ул., д.43;08:30Ц16:00
883;—алават, ћайска€ ул., д.48;08:30Ц16:00
884;Ћюберцы, „айковского ул., д.65;08:30Ц16:00
885;“оль€тти, “иха€ ул., д.17;08:30Ц16:00
886;Ќовочеркасск, Ћинейна€ ул., д.37;08:30Ц16:00
887;“аганрог, ѕионерска€ ул., д.61;08:30Ц16:00
888;Ќижний “агил,  алинина ул., д.89;08:30Ц16:00
889;“оль€тти, ќстровского ул., д.48;08:30Ц16:00
890;¬ладикавказ, „калова ул., д.32;08:30Ц16:00
891;Ќовый ”ренгой, ћагистральна€ ул., д.55;08:30Ц16:00
892; алуга, „калова ул., д.67;08:30Ц16:00
893;’абаровск, √айдара ул., д.65;08:30Ц16:00
894;Ѕарнаул, Ўкольна€ ул., д.86;08:30Ц16:00
895;¬ологда, Ѕуденного ул., д.69;08:30Ц16:00
896;Ќовороссийск, Ћенина ул., д.62;08:30Ц16:00
897;Ёлиста, ќкт€брьска€ ул., д.11;08:30Ц16:00
898;—амара, ѕолева€ ул., д.87;08:30Ц16:00
899; оролЄв, —вободы ул., д.92;08:30Ц16:00
900;≈впатори€, “ельмана ул., д.29;08:30Ц16:00
901; расногорск,  уйбышева ул., д.7;08:30Ц16:00
902;≈ссентуки, ѕромышленна€ ул., д.2;08:30Ц16:00
903; оролЄв, ћагистральна€ ул., д.83;08:30Ц16:00
904;≈впатори€,  омарова ул., д.74;08:30Ц16:00
905;—ерпухов, ѕочтовый пер., д.44;08:30Ц16:00
906;Ѕратск,  ћаркса ул., д.60;08:30Ц16:00
907;¬олгодонск, Ѕольничный пер., д.24;08:30Ц16:00
908;јрзамас, «ападна€ ул., д.60;08:30Ц16:00
909;ќмск,  ооперативна€ ул., д.92;08:30Ц16:00
910;¬олгоград,  ресть€нска€ ул., д.61;08:30Ц16:00
911;¬олгоград, Ћазо ул., д.86;08:30Ц16:00
912; овров, —танционна€ ул., д.9;08:30Ц16:00
913;—ыктывкар, ћирна€ ул., д.37;08:30Ц16:00
914;ёжно-—ахалинск, ѕервомайский пер., д.97;08:30Ц16:00
915;—таврополь, «аводска€ ул., д.40;08:30Ц16:00
916;Ћипецк,  рылова ул., д.55;08:30Ц16:00
917; исловодск, ћелиораторов ул., д.37;08:30Ц16:00
918;—еверодвинск, ∆елезнодорожна€ ул., д.16;08:30Ц16:00
919;—ергиев ѕосад, ћолодежна€ ул., д.65;08:30Ц16:00
920;ќрехово-«уево, —еверный пер., д.7;08:30Ц16:00
921;—имферополь, Ѕольнична€ ул., д.16;08:30Ц16:00
922;≈ссентуки, Ѕелинского ул., д.91;08:30Ц16:00
923;Ѕарнаул, “ихий пер., д.10;08:30Ц16:00
924;”ль€новск, “олстого ул., д.41;08:30Ц16:00
925;јрмавир, ”рицкого ул., д.68;08:30Ц16:00
926;¬ладивосток, —ветла€ ул., д.37;08:30Ц16:00
927;Ѕийск, Ћенина ул., д.56;08:30Ц16:00
928;ѕсков, Ѕуденного ул., д.18;08:30Ц16:00
929;—аранск, Ѕуденного ул., д.98;08:30Ц16:00
930;ћытищи, ѕервомайска€ ул., д.29;08:30Ц16:00
931;ярославль, ÷ентральна€ ул., д.26;08:30Ц16:00
932;“амбов,  убанска€ ул., д.27;08:30Ц16:00
933;ќдинцово, Ѕерезова€ ул., д.80;08:30Ц16:00
934;√розный, „ехова ул., д.65;08:30Ц16:00
935;’абаровск, —оветский пер., д.97;08:30Ц16:00
936;“верь, ѕолева€ ул., д.50;08:30Ц16:00
937;ћуром, —овхозна€ ул., д.43;08:30Ц16:00
938;“верь,  рупской ул., д.42;08:30Ц16:00
939;ќрехово-«уево, Ќагорна€ ул., д.59;08:30Ц16:00
940;ѕетрозаводск, —вободы ул., д.55;08:30Ц16:00
941;…ошкар-ќла, ёбилейна€ ул., д.80;08:30Ц16:00
942;Ѕерезники, ѕобеды ул., д.62;08:30Ц16:00
943; урган, √ражданска€ ул., д.80;08:30Ц16:00
944;Ќовомосковск, ёжна€ ул., д.17;08:30Ц16:00
945;ѕушкино, 50 лет ѕобеды ул., д.91;08:30Ц16:00
946;ѕенза, ‘урманова ул., д.59;08:30Ц16:00
947; ызыл, —иренева€ ул., д.9;08:30Ц16:00
948;—ерпухов, “руда ул., д.52;08:30Ц16:00
949;…ошкар-ќла,  олхозный пер., д.39;08:30Ц16:00
950;„ереповец, »нтернациональна€ ул., д.59;08:30Ц16:00
951; исловодск, перечень улиц –оссии., д.95;08:30Ц16:00
952;„еркесск, Ќабережна€ ул., д.92;08:30Ц16:00
953;Ќовочебоксарск, «елена€ ул., д.31;08:30Ц16:00
954;—ургут,  олхозна€ ул., д.54;08:30Ц16:00
955;ƒзержинск, ÷ентральна€ ул., д.46;08:30Ц16:00
956;ѕ€тигорск, “ельмана ул., д.73;08:30Ц16:00
957;јнгарск, ѕервомайска€ ул., д.40;08:30Ц16:00
958;¬ологда, ћагистральна€ ул., д.10;08:30Ц16:00
959;—очи, «елена€ ул., д.87;08:30Ц16:00
960;ёжно-—ахалинск, Ћуначарского ул., д.56;08:30Ц16:00
961;Ѕийск,  олхозна€ ул., д.33;08:30Ц16:00
962;≈ссентуки, Ћинейна€ ул., д.94;08:30Ц16:00
963;”лан-”дэ, ÷веточна€ ул., д.71;08:30Ц16:00
964;—ерпухов, Ћуначарского ул., д.62;08:30Ц16:00
965;∆уковский, ѕаркова€ ул., д.35;08:30Ц16:00
966;ћайкоп, ѕервомайский пер., д.35;08:30Ц16:00
967;Ќовомосковск,  рупской ул., д.99;08:30Ц16:00
968; урск, ёжна€ ул., д.47;08:30Ц16:00
969;Ћюберцы,  расноармейска€ ул., д.12;08:30Ц16:00
970; емерово, –оссийска€ ул., д.94;08:30Ц16:00
971;ћахачкала, «еленый пер., д.64;08:30Ц16:00
972;“юмень, –одникова€ ул., д.90;08:30Ц16:00
973;≈ссентуки, Ћесна€ ул., д.85;08:30Ц16:00
974;–остов-на-ƒону, ѕрофсоюзна€ ул., д.78;08:30Ц16:00
975;√розный, ёжна€ ул., д.29;08:30Ц16:00
976;якутск, Ћенина ул., д.12;08:30Ц16:00
977;Ќовосибирск, Ѕерезова€ ул., д.67;08:30Ц16:00
978;Ќальчик, Ўевченко ул., д.63;08:30Ц16:00
979;…ошкар-ќла, ћира ул., д.25;08:30Ц16:00
980;»ркутск, Ћинейна€ ул., д.16;08:30Ц16:00
981;ћурманск, “аежна€ ул., д.19;08:30Ц16:00
982;≈катеринбург, «ападна€ ул., д.52;08:30Ц16:00
983;—моленск, ћарта ул., д.74;08:30Ц16:00
984;Ћюберцы, „калова ул., д.54;08:30Ц16:00
985; емерово,  алинина ул., д.40;08:30Ц16:00
986;ярославль,  арла ћаркса ул., д.55;08:30Ц16:00
987;Ќовосибирск, “ерешковой ул., д.36;08:30Ц16:00
988;≈впатори€,  арла ћаркса ул., д.26;08:30Ц16:00
989;Ѕарнаул, —ибирска€ ул., д.77;08:30Ц16:00
990;Ќовый ”ренгой,  оммунистическа€ ул., д.90;08:30Ц16:00
991;—амара, ѕочтова€ ул., д.83;08:30Ц16:00
992;ќбнинск, √орького ул., д.86;08:30Ц16:00
993; алининград, ћарта ул., д.61;08:30Ц16:00
994;—ерпухов, ¬окзальна€ ул., д.20;08:30Ц16:00
995;Ќевинномысск, ўорса ул., д.3;08:30Ц16:00
996;Ќевинномысск, “ранспортна€ ул., д.93;08:30Ц16:00
997;Ќижневартовск, —портивна€ ул., д.66;08:30Ц16:00
998;Ѕердск, Ћермонтова ул., д.96;08:30Ц16:00
999;—еверск, ћолодежна€ ул., д.10;08:30Ц16:00
1000;јстрахань, Ћесной пер., д.76;08:30Ц16:00
