idClient_transaction_receipt;Client_type;Date_and_time_of_receipt_creation;Date_and_time_of_payment;Amount_of_payment;Check_number;Link_to_check;idCard
4000;Физическое лицо;11.05.2017;04.02.2012;477780;rcinedaa;https://lknpd.nalog.ru/;3000
4001;Юридическое лицо;11.09.2017;25.02.2013;232353;etnarst_;https://lknpd.nalog.ru/;3001
4002;Физическое лицо;30.05.2017;03.03.2010;435857;ssartnet;https://lknpd.nalog.ru/;3002
4003;Юридическое лицо;11.10.2010;07.08.2012;861172;_ndeeicl;https://lknpd.nalog.ru/;3003
4004;Физическое лицо;25.12.2015;22.02.2013;165244;eat_ntp_;https://lknpd.nalog.ru/;3004
4005;Физическое лицо;02.04.2012;05.11.2013;450476;riit____;https://lknpd.nalog.ru/;3005
4006;Физическое лицо;23.12.2014;22.03.2014;189936;rnn_iei_;https://lknpd.nalog.ru/;3006
4007;Физическое лицо;03.11.2016;23.05.2017;623593;ctt_nrar;https://lknpd.nalog.ru/;3007
4008;Физическое лицо;09.12.2010;17.03.2014;54007;clsioeCi;https://lknpd.nalog.ru/;3008
4009;Физическое лицо;24.11.2015;15.05.2017;506111;acntCapc;https://lknpd.nalog.ru/;3009
4010;Физическое лицо;08.01.2015;20.07.2017;107257;eceatini;https://lknpd.nalog.ru/;3010
4011;Юридическое лицо;22.05.2017;13.07.2013;868943;nlridtat;https://lknpd.nalog.ru/;3011
4012;Физическое лицо;03.01.2017;24.04.2012;576014;psltld_o;https://lknpd.nalog.ru/;3012
4013;Юридическое лицо;01.12.2017;04.04.2015;415922;ci_Crpls;https://lknpd.nalog.ru/;3013
4014;Физическое лицо;26.04.2013;10.03.2014;200333;tsinneoa;https://lknpd.nalog.ru/;3014
4015;Физическое лицо;14.09.2014;19.07.2013;372186;rncctcat;https://lknpd.nalog.ru/;3015
4016;Юридическое лицо;24.12.2010;28.06.2014;968874;ictlcttt;https://lknpd.nalog.ru/;3016
4017;Физическое лицо;04.08.2017;12.01.2017;779580;nnaieian;https://lknpd.nalog.ru/;3017
4018;Юридическое лицо;27.08.2015;29.02.2016;732653;peto_i_n;https://lknpd.nalog.ru/;3018
4019;Юридическое лицо;22.01.2013;21.12.2015;155354;tieiitdn;https://lknpd.nalog.ru/;3019
4020;Юридическое лицо;18.08.2011;09.10.2013;728985;nicneiii;https://lknpd.nalog.ru/;3020
4021;Физическое лицо;15.03.2016;28.03.2010;420386;cciirrnC;https://lknpd.nalog.ru/;3021
4022;Юридическое лицо;23.10.2013;05.07.2013;296806;necaitte;https://lknpd.nalog.ru/;3022
4023;Физическое лицо;30.09.2010;02.05.2013;253179;taecita_;https://lknpd.nalog.ru/;3023
4024;Физическое лицо;26.09.2015;10.03.2013;314662;_iltrcrc;https://lknpd.nalog.ru/;3024
4025;Физическое лицо;12.01.2017;24.05.2016;275903;taoettoa;https://lknpd.nalog.ru/;3025
4026;Юридическое лицо;24.07.2017;03.04.2014;142609;rtrinttt;https://lknpd.nalog.ru/;3026
4027;Юридическое лицо;14.01.2016;03.03.2016;728708;eacteaCi;https://lknpd.nalog.ru/;3027
4028;Юридическое лицо;30.01.2014;09.10.2017;99257;tntisdct;https://lknpd.nalog.ru/;3028
4029;Физическое лицо;11.05.2017;16.01.2011;538574;ptd_setr;https://lknpd.nalog.ru/;3029
4030;Юридическое лицо;13.09.2014;07.06.2012;755232;aas_teic;https://lknpd.nalog.ru/;3030
4031;Физическое лицо;22.03.2015;03.01.2013;938937;ndCtttte;https://lknpd.nalog.ru/;3031
4032;Юридическое лицо;14.06.2015;22.07.2010;574286;ninnit_i;https://lknpd.nalog.ru/;3032
4033;Юридическое лицо;19.06.2016;15.09.2011;46350;iirtoiCn;https://lknpd.nalog.ru/;3033
4034;Физическое лицо;31.12.2010;28.01.2012;683319;esnttppd;https://lknpd.nalog.ru/;3034
4035;Физическое лицо;28.07.2012;20.05.2010;50428;seltertn;https://lknpd.nalog.ru/;3035
4036;Физическое лицо;16.08.2014;24.07.2016;802553;ditio_tr;https://lknpd.nalog.ru/;3036
4037;Юридическое лицо;20.08.2015;01.12.2013;923317;alntetet;https://lknpd.nalog.ru/;3037
4038;Физическое лицо;29.03.2014;19.03.2011;617116;anceandp;https://lknpd.nalog.ru/;3038
4039;Юридическое лицо;17.05.2014;25.10.2016;804946;ssotptdd;https://lknpd.nalog.ru/;3039
4040;Юридическое лицо;19.05.2016;01.11.2014;121277;eeattilp;https://lknpd.nalog.ru/;3040
4041;Юридическое лицо;22.02.2010;18.03.2015;470316;_el_rcac;https://lknpd.nalog.ru/;3041
4042;Физическое лицо;18.03.2010;14.11.2017;716597;__ti_rie;https://lknpd.nalog.ru/;3042
4043;Физическое лицо;29.11.2012;07.11.2010;535067;ecisrpp_;https://lknpd.nalog.ru/;3043
4044;Юридическое лицо;04.07.2011;25.05.2010;95218;irietiei;https://lknpd.nalog.ru/;3044
4045;Физическое лицо;12.04.2013;11.02.2015;305573;arlClCa_;https://lknpd.nalog.ru/;3045
4046;Юридическое лицо;07.09.2010;03.02.2010;189585;teperein;https://lknpd.nalog.ru/;3046
4047;Юридическое лицо;19.06.2010;04.01.2013;429820;a_ninapp;https://lknpd.nalog.ru/;3047
4048;Юридическое лицо;10.10.2016;13.04.2010;719798;_rlrotre;https://lknpd.nalog.ru/;3048
4049;Физическое лицо;25.04.2016;01.03.2015;755320;o_dCteei;https://lknpd.nalog.ru/;3049
4050;Юридическое лицо;11.06.2013;25.11.2015;119884;sroen__c;https://lknpd.nalog.ru/;3050
4051;Юридическое лицо;24.04.2011;30.10.2013;50299;dntlnece;https://lknpd.nalog.ru/;3051
4052;Юридическое лицо;22.12.2010;09.07.2015;874228;s_Cerp_c;https://lknpd.nalog.ru/;3052
4053;Юридическое лицо;16.07.2012;20.11.2010;494424;aineni_e;https://lknpd.nalog.ru/;3053
4054;Физическое лицо;11.04.2010;29.04.2017;545396;tecnicCc;https://lknpd.nalog.ru/;3054
4055;Юридическое лицо;24.09.2013;02.11.2013;95298;npr_itre;https://lknpd.nalog.ru/;3055
4056;Юридическое лицо;18.11.2014;21.02.2013;24633;ieito_dn;https://lknpd.nalog.ru/;3056
4057;Физическое лицо;26.03.2013;24.10.2015;437007;ei_ptinc;https://lknpd.nalog.ru/;3057
4058;Физическое лицо;16.12.2010;28.05.2014;786250;crriricn;https://lknpd.nalog.ru/;3058
4059;Физическое лицо;05.01.2010;27.07.2015;416927;ctnnioit;https://lknpd.nalog.ru/;3059
4060;Юридическое лицо;13.04.2011;07.03.2016;177178;encpie_a;https://lknpd.nalog.ru/;3060
4061;Юридическое лицо;03.09.2015;24.06.2013;877077;Citrtree;https://lknpd.nalog.ru/;3061
4062;Физическое лицо;08.04.2011;01.03.2017;22926;t_neeaae;https://lknpd.nalog.ru/;3062
4063;Юридическое лицо;08.06.2010;20.07.2015;286243;anaa_epo;https://lknpd.nalog.ru/;3063
4064;Физическое лицо;13.12.2016;02.09.2015;81192;aentppos;https://lknpd.nalog.ru/;3064
4065;Физическое лицо;22.02.2011;30.05.2013;879147;rditClii;https://lknpd.nalog.ru/;3065
4066;Юридическое лицо;28.12.2016;21.08.2013;124383;ccnncote;https://lknpd.nalog.ru/;3066
4067;Юридическое лицо;11.04.2011;26.04.2012;908875;aipi_iic;https://lknpd.nalog.ru/;3067
4068;Юридическое лицо;04.09.2010;21.08.2012;682293;rilaidic;https://lknpd.nalog.ru/;3068
4069;Физическое лицо;03.12.2016;22.02.2011;918864;seeC_an_;https://lknpd.nalog.ru/;3069
4070;Физическое лицо;29.11.2011;08.11.2017;726180;sosrttne;https://lknpd.nalog.ru/;3070
4071;Юридическое лицо;25.10.2010;25.05.2014;190643;pipna_cr;https://lknpd.nalog.ru/;3071
4072;Физическое лицо;26.03.2013;11.02.2010;825511;rCectrii;https://lknpd.nalog.ru/;3072
4073;Юридическое лицо;18.04.2012;16.03.2012;773632;articaoi;https://lknpd.nalog.ru/;3073
4074;Физическое лицо;21.10.2013;07.11.2013;558601;rnitseri;https://lknpd.nalog.ru/;3074
4075;Юридическое лицо;04.05.2017;28.04.2016;753194;dtorelcC;https://lknpd.nalog.ru/;3075
4076;Физическое лицо;29.05.2015;18.02.2013;208418;nditinei;https://lknpd.nalog.ru/;3076
4077;Юридическое лицо;18.07.2010;17.02.2016;663241;cttcaetn;https://lknpd.nalog.ru/;3077
4078;Юридическое лицо;15.06.2010;27.08.2011;24785;tesoctdr;https://lknpd.nalog.ru/;3078
4079;Физическое лицо;16.02.2017;18.08.2014;199612;erraicie;https://lknpd.nalog.ru/;3079
4080;Юридическое лицо;23.12.2017;22.09.2012;584249;tcddetpt;https://lknpd.nalog.ru/;3080
4081;Юридическое лицо;12.12.2010;12.06.2016;640485;acripiec;https://lknpd.nalog.ru/;3081
4082;Физическое лицо;22.08.2015;17.04.2015;28845;sei_star;https://lknpd.nalog.ru/;3082
4083;Юридическое лицо;19.06.2014;04.11.2015;630060;__neo_dn;https://lknpd.nalog.ru/;3083
4084;Юридическое лицо;23.09.2015;02.12.2017;215027;tiistinr;https://lknpd.nalog.ru/;3084
4085;Юридическое лицо;13.10.2014;09.09.2016;231791;eatsirci;https://lknpd.nalog.ru/;3085
4086;Физическое лицо;23.02.2013;20.10.2014;53996;Caairse_;https://lknpd.nalog.ru/;3086
4087;Юридическое лицо;17.08.2015;30.06.2012;407388;nlio_aoe;https://lknpd.nalog.ru/;3087
4088;Физическое лицо;08.06.2013;01.10.2015;574692;oceticsr;https://lknpd.nalog.ru/;3088
4089;Физическое лицо;03.05.2017;22.05.2014;327847;idnnpsie;https://lknpd.nalog.ru/;3089
4090;Юридическое лицо;02.10.2012;19.03.2010;490681;atrCentc;https://lknpd.nalog.ru/;3090
4091;Юридическое лицо;22.11.2012;14.02.2015;172773;_alanscr;https://lknpd.nalog.ru/;3091
4092;Физическое лицо;19.11.2017;01.04.2011;302218;siiCrtet;https://lknpd.nalog.ru/;3092
4093;Юридическое лицо;22.11.2015;26.01.2017;324222;Coirnnti;https://lknpd.nalog.ru/;3093
4094;Юридическое лицо;30.03.2010;22.07.2011;214693;tercaoi_;https://lknpd.nalog.ru/;3094
4095;Физическое лицо;20.07.2016;01.04.2012;111333;cCeiprrn;https://lknpd.nalog.ru/;3095
4096;Физическое лицо;09.11.2013;12.06.2011;404749;ntneisci;https://lknpd.nalog.ru/;3096
4097;Юридическое лицо;21.09.2017;11.04.2010;511991;ieieiCad;https://lknpd.nalog.ru/;3097
4098;Физическое лицо;24.05.2011;10.11.2014;415302;ld_enril;https://lknpd.nalog.ru/;3098
4099;Физическое лицо;18.11.2014;30.05.2010;467760;tn_ndnlt;https://lknpd.nalog.ru/;3099
4100;Юридическое лицо;18.02.2012;14.05.2017;710714;npnnoses;https://lknpd.nalog.ru/;3100
4101;Физическое лицо;13.02.2016;12.07.2013;718365;nrecopnp;https://lknpd.nalog.ru/;3101
4102;Юридическое лицо;26.12.2015;28.02.2010;673379;rlCtepci;https://lknpd.nalog.ru/;3102
4103;Юридическое лицо;28.02.2014;19.02.2010;311938;cpCp_nli;https://lknpd.nalog.ru/;3103
4104;Физическое лицо;28.06.2017;19.01.2016;572957;otreeinc;https://lknpd.nalog.ru/;3104
4105;Юридическое лицо;10.05.2014;11.05.2016;197309;ode_tari;https://lknpd.nalog.ru/;3105
4106;Физическое лицо;20.10.2017;26.06.2013;289522;nnnlrtet;https://lknpd.nalog.ru/;3106
4107;Юридическое лицо;03.09.2014;15.12.2013;554572;ncenCpCt;https://lknpd.nalog.ru/;3107
4108;Юридическое лицо;18.09.2012;11.07.2012;821862;ctcccptt;https://lknpd.nalog.ru/;3108
4109;Юридическое лицо;18.09.2017;22.04.2010;770177;rccdpiii;https://lknpd.nalog.ru/;3109
4110;Физическое лицо;18.08.2012;14.11.2010;862182;rnalcCit;https://lknpd.nalog.ru/;3110
4111;Юридическое лицо;14.09.2010;29.05.2010;212813;aitacist;https://lknpd.nalog.ru/;3111
4112;Физическое лицо;02.08.2014;29.10.2013;968475;prtiprit;https://lknpd.nalog.ru/;3112
4113;Юридическое лицо;24.06.2017;21.11.2012;216322;e_tCtoet;https://lknpd.nalog.ru/;3113
4114;Юридическое лицо;30.03.2014;04.05.2014;115784;rteidcdi;https://lknpd.nalog.ru/;3114
4115;Юридическое лицо;11.07.2014;05.01.2014;925884;csilnois;https://lknpd.nalog.ru/;3115
4116;Юридическое лицо;19.11.2017;23.12.2012;657633;spiCnc__;https://lknpd.nalog.ru/;3116
4117;Юридическое лицо;06.12.2014;27.08.2011;913739;diiiriCC;https://lknpd.nalog.ru/;3117
4118;Физическое лицо;05.06.2014;06.12.2013;978857;ctinitnr;https://lknpd.nalog.ru/;3118
4119;Юридическое лицо;03.06.2016;23.04.2017;720699;itptiia_;https://lknpd.nalog.ru/;3119
4120;Физическое лицо;25.05.2011;06.01.2013;371088;tirpsdrt;https://lknpd.nalog.ru/;3120
4121;Физическое лицо;08.05.2013;14.02.2012;729675;tddirtre;https://lknpd.nalog.ru/;3121
4122;Юридическое лицо;16.12.2014;02.09.2017;912154;nriinC_c;https://lknpd.nalog.ru/;3122
4123;Юридическое лицо;05.09.2016;30.10.2014;27496;sriasts_;https://lknpd.nalog.ru/;3123
4124;Юридическое лицо;23.11.2017;21.12.2010;380627;lecCrCnt;https://lknpd.nalog.ru/;3124
4125;Юридическое лицо;07.01.2010;28.10.2013;161260;in_rdedp;https://lknpd.nalog.ru/;3125
4126;Физическое лицо;16.08.2011;07.08.2011;486782;eiietost;https://lknpd.nalog.ru/;3126
4127;Физическое лицо;30.07.2017;07.02.2011;945458;rlsionii;https://lknpd.nalog.ru/;3127
4128;Юридическое лицо;03.03.2014;15.11.2013;951207;atnittCa;https://lknpd.nalog.ru/;3128
4129;Физическое лицо;19.03.2012;19.04.2010;726135;alienCnl;https://lknpd.nalog.ru/;3129
4130;Юридическое лицо;14.03.2010;26.09.2015;212323;tttCetti;https://lknpd.nalog.ru/;3130
4131;Юридическое лицо;24.05.2015;28.08.2012;758336;adtnetea;https://lknpd.nalog.ru/;3131
4132;Физическое лицо;29.12.2010;02.10.2014;794067;t_rtilrc;https://lknpd.nalog.ru/;3132
4133;Физическое лицо;22.03.2013;24.01.2013;603071;_paplrri;https://lknpd.nalog.ru/;3133
4134;Юридическое лицо;20.06.2010;13.02.2012;614962;rareints;https://lknpd.nalog.ru/;3134
4135;Юридическое лицо;30.05.2016;11.01.2012;700078;tnarieii;https://lknpd.nalog.ru/;3135
4136;Физическое лицо;25.02.2013;23.08.2016;769866;itClinda;https://lknpd.nalog.ru/;3136
4137;Юридическое лицо;26.04.2016;02.09.2011;522598;_nnon_nr;https://lknpd.nalog.ru/;3137
4138;Физическое лицо;19.03.2014;10.10.2016;565609;c_oppidi;https://lknpd.nalog.ru/;3138
4139;Юридическое лицо;30.11.2012;29.09.2011;970453;Ca_ps_i_;https://lknpd.nalog.ru/;3139
4140;Физическое лицо;06.06.2011;29.07.2016;841799;esnepeoc;https://lknpd.nalog.ru/;3140
4141;Физическое лицо;18.10.2010;19.08.2013;907630;acc_ttaC;https://lknpd.nalog.ru/;3141
4142;Юридическое лицо;18.03.2017;28.09.2015;858026;crpscCta;https://lknpd.nalog.ru/;3142
4143;Физическое лицо;07.03.2015;03.05.2016;672;ienir_oa;https://lknpd.nalog.ru/;3143
4144;Физическое лицо;08.08.2014;01.08.2013;278726;letti_pi;https://lknpd.nalog.ru/;3144
4145;Физическое лицо;03.12.2011;28.06.2012;264084;_ctadnai;https://lknpd.nalog.ru/;3145
4146;Физическое лицо;02.04.2017;16.01.2013;36951;Csonca_e;https://lknpd.nalog.ru/;3146
4147;Физическое лицо;29.06.2011;04.05.2016;969023;npllspen;https://lknpd.nalog.ru/;3147
4148;Физическое лицо;14.06.2017;09.09.2016;108295;iCrciior;https://lknpd.nalog.ru/;3148
4149;Физическое лицо;26.12.2012;09.10.2011;821517;iontteni;https://lknpd.nalog.ru/;3149
4150;Физическое лицо;09.02.2014;19.09.2014;476226;ecceCsnd;https://lknpd.nalog.ru/;3150
4151;Физическое лицо;17.02.2016;13.04.2012;566480;ptaic_ii;https://lknpd.nalog.ru/;3151
4152;Юридическое лицо;05.10.2016;08.12.2012;820072;ir_iaert;https://lknpd.nalog.ru/;3152
4153;Физическое лицо;07.04.2017;02.01.2017;423738;otnsercc;https://lknpd.nalog.ru/;3153
4154;Юридическое лицо;26.07.2017;16.10.2012;706918;itrisnpa;https://lknpd.nalog.ru/;3154
4155;Физическое лицо;17.05.2013;11.09.2014;12346;tptCesee;https://lknpd.nalog.ru/;3155
4156;Юридическое лицо;25.04.2011;08.05.2015;318656;nrretndr;https://lknpd.nalog.ru/;3156
4157;Физическое лицо;18.01.2014;24.09.2011;669441;ttdptlic;https://lknpd.nalog.ru/;3157
4158;Юридическое лицо;29.05.2015;19.04.2017;995444;eicpiCnn;https://lknpd.nalog.ru/;3158
4159;Юридическое лицо;05.07.2013;11.02.2012;319864;_tdrce__;https://lknpd.nalog.ru/;3159
4160;Физическое лицо;19.11.2017;16.12.2014;126814;taciecsa;https://lknpd.nalog.ru/;3160
4161;Физическое лицо;11.08.2010;21.06.2013;302827;taenosne;https://lknpd.nalog.ru/;3161
4162;Юридическое лицо;29.05.2013;07.04.2016;171699;ailtdree;https://lknpd.nalog.ru/;3162
4163;Юридическое лицо;24.10.2012;24.01.2011;811850;attainsc;https://lknpd.nalog.ru/;3163
4164;Юридическое лицо;06.04.2015;18.10.2012;838602;dstdonsr;https://lknpd.nalog.ru/;3164
4165;Юридическое лицо;24.03.2016;05.10.2017;854233;alilde_i;https://lknpd.nalog.ru/;3165
4166;Юридическое лицо;10.05.2011;25.09.2015;707181;nCoaite_;https://lknpd.nalog.ru/;3166
4167;Физическое лицо;27.07.2017;29.01.2012;886313;iaie__rt;https://lknpd.nalog.ru/;3167
4168;Юридическое лицо;22.03.2016;23.11.2011;822488;litptlta;https://lknpd.nalog.ru/;3168
4169;Физическое лицо;12.03.2010;18.02.2014;530749;aioCscnn;https://lknpd.nalog.ru/;3169
4170;Физическое лицо;10.01.2011;21.09.2015;43111;iroCcaip;https://lknpd.nalog.ru/;3170
4171;Физическое лицо;23.01.2012;08.09.2017;32084;rtaereet;https://lknpd.nalog.ru/;3171
4172;Юридическое лицо;20.07.2011;13.04.2017;174480;leapiatC;https://lknpd.nalog.ru/;3172
4173;Физическое лицо;11.10.2013;13.02.2010;356850;ecCearti;https://lknpd.nalog.ru/;3173
4174;Физическое лицо;14.03.2016;09.04.2010;168566;csatcnoa;https://lknpd.nalog.ru/;3174
4175;Физическое лицо;26.07.2014;04.06.2016;94439;cloirtCi;https://lknpd.nalog.ru/;3175
4176;Юридическое лицо;09.01.2010;31.12.2011;921253;niactpi_;https://lknpd.nalog.ru/;3176
4177;Юридическое лицо;09.04.2010;30.03.2015;565020;tccceeci;https://lknpd.nalog.ru/;3177
4178;Физическое лицо;31.08.2016;29.05.2011;448597;clnotnip;https://lknpd.nalog.ru/;3178
4179;Юридическое лицо;13.05.2013;28.10.2014;790725;taplantc;https://lknpd.nalog.ru/;3179
4180;Физическое лицо;04.06.2014;23.01.2013;473265;ei_idtnt;https://lknpd.nalog.ru/;3180
4181;Физическое лицо;11.12.2016;16.01.2017;236374;rtiiieCr;https://lknpd.nalog.ru/;3181
4182;Физическое лицо;14.03.2012;27.02.2017;702356;aiinrCta;https://lknpd.nalog.ru/;3182
4183;Юридическое лицо;28.09.2014;30.05.2013;475982;eaC_itnp;https://lknpd.nalog.ru/;3183
4184;Юридическое лицо;14.07.2013;07.07.2015;327894;ieetnain;https://lknpd.nalog.ru/;3184
4185;Физическое лицо;03.02.2013;18.01.2013;191287;etdnsspn;https://lknpd.nalog.ru/;3185
4186;Юридическое лицо;01.08.2012;27.07.2011;531222;eitnttrt;https://lknpd.nalog.ru/;3186
4187;Физическое лицо;22.12.2010;20.09.2014;158573;nppeis_o;https://lknpd.nalog.ru/;3187
4188;Юридическое лицо;19.02.2014;19.05.2016;22553;it_rr_ci;https://lknpd.nalog.ru/;3188
4189;Физическое лицо;27.12.2011;17.10.2010;130013;ipnioedo;https://lknpd.nalog.ru/;3189
4190;Физическое лицо;07.08.2013;27.08.2012;896927;dtilaart;https://lknpd.nalog.ru/;3190
4191;Юридическое лицо;07.05.2012;12.04.2015;765805;__Cnaica;https://lknpd.nalog.ru/;3191
4192;Юридическое лицо;03.01.2017;13.09.2014;337822;aiecadae;https://lknpd.nalog.ru/;3192
4193;Физическое лицо;28.11.2012;22.10.2011;23318;tlicdatr;https://lknpd.nalog.ru/;3193
4194;Физическое лицо;10.01.2013;15.06.2016;949678;dt_sCtpn;https://lknpd.nalog.ru/;3194
4195;Юридическое лицо;21.02.2015;16.08.2013;659554;teatetil;https://lknpd.nalog.ru/;3195
4196;Юридическое лицо;08.12.2016;30.06.2011;750568;erincrd_;https://lknpd.nalog.ru/;3196
4197;Юридическое лицо;21.02.2017;13.08.2011;753100;pneatrp_;https://lknpd.nalog.ru/;3197
4198;Юридическое лицо;26.08.2010;01.01.2013;106283;snnnoent;https://lknpd.nalog.ru/;3198
4199;Юридическое лицо;20.08.2017;14.04.2010;401894;niteotai;https://lknpd.nalog.ru/;3199
4200;Юридическое лицо;13.09.2010;19.10.2017;137072;tisiCpsi;https://lknpd.nalog.ru/;3200
4201;Физическое лицо;21.12.2011;03.10.2015;3009;irniCepa;https://lknpd.nalog.ru/;3201
4202;Юридическое лицо;30.03.2016;30.04.2010;378280;ercerrnp;https://lknpd.nalog.ru/;3202
4203;Юридическое лицо;12.02.2012;15.10.2015;770719;_retCpce;https://lknpd.nalog.ru/;3203
4204;Юридическое лицо;28.01.2013;24.08.2014;726156;pstptn_C;https://lknpd.nalog.ru/;3204
4205;Юридическое лицо;02.09.2010;04.10.2015;399088;ccoictnr;https://lknpd.nalog.ru/;3205
4206;Физическое лицо;06.08.2017;16.06.2010;950056;tCiecice;https://lknpd.nalog.ru/;3206
4207;Физическое лицо;08.11.2016;03.09.2010;25364;iptCtd__;https://lknpd.nalog.ru/;3207
4208;Юридическое лицо;06.11.2016;24.01.2017;302304;eiepirrr;https://lknpd.nalog.ru/;3208
4209;Юридическое лицо;10.07.2012;25.02.2013;900380;stsCroes;https://lknpd.nalog.ru/;3209
4210;Юридическое лицо;27.06.2012;03.06.2017;6971;inairtli;https://lknpd.nalog.ru/;3210
4211;Юридическое лицо;22.02.2012;17.06.2017;422242;ttettnd_;https://lknpd.nalog.ru/;3211
4212;Физическое лицо;19.10.2016;03.02.2010;658791;eeoeCn_l;https://lknpd.nalog.ru/;3212
4213;Физическое лицо;25.10.2010;23.06.2011;439563;rptittei;https://lknpd.nalog.ru/;3213
4214;Физическое лицо;11.09.2016;05.04.2013;813496;siiianr_;https://lknpd.nalog.ru/;3214
4215;Юридическое лицо;04.04.2012;10.09.2012;980455;te_tttC_;https://lknpd.nalog.ru/;3215
4216;Физическое лицо;17.09.2017;30.09.2012;300804;nceoiria;https://lknpd.nalog.ru/;3216
4217;Юридическое лицо;27.10.2016;01.04.2016;813573;ntarn_ii;https://lknpd.nalog.ru/;3217
4218;Юридическое лицо;03.01.2016;31.12.2013;41317;telete_n;https://lknpd.nalog.ru/;3218
4219;Физическое лицо;24.06.2017;24.11.2014;497427;tret_isC;https://lknpd.nalog.ru/;3219
4220;Физическое лицо;14.05.2010;27.01.2014;398570;itreriCa;https://lknpd.nalog.ru/;3220
4221;Физическое лицо;31.10.2011;05.01.2011;824230;a_tr_iao;https://lknpd.nalog.ru/;3221
4222;Юридическое лицо;14.03.2014;01.09.2013;347483;lip_one_;https://lknpd.nalog.ru/;3222
4223;Физическое лицо;03.02.2014;08.08.2012;814528;t_i_nlcC;https://lknpd.nalog.ru/;3223
4224;Юридическое лицо;17.07.2011;05.02.2013;990481;neiaoioc;https://lknpd.nalog.ru/;3224
4225;Физическое лицо;12.02.2011;17.04.2013;668859;ioi_dtrs;https://lknpd.nalog.ru/;3225
4226;Физическое лицо;18.01.2017;20.04.2016;202510;caelrlic;https://lknpd.nalog.ru/;3226
4227;Юридическое лицо;17.05.2014;04.05.2012;332697;_tealanr;https://lknpd.nalog.ru/;3227
4228;Физическое лицо;07.01.2016;07.11.2010;436216;nepileil;https://lknpd.nalog.ru/;3228
4229;Физическое лицо;18.12.2015;16.08.2010;580921;nntnicnd;https://lknpd.nalog.ru/;3229
4230;Юридическое лицо;07.05.2016;07.12.2011;968522;_dtis_on;https://lknpd.nalog.ru/;3230
4231;Физическое лицо;09.08.2016;24.08.2014;778071;ceaiiCet;https://lknpd.nalog.ru/;3231
4232;Юридическое лицо;31.07.2012;13.05.2010;119870;ercnntns;https://lknpd.nalog.ru/;3232
4233;Юридическое лицо;26.08.2013;13.07.2016;720633;cCieretr;https://lknpd.nalog.ru/;3233
4234;Физическое лицо;14.11.2013;01.08.2016;227365;naidpead;https://lknpd.nalog.ru/;3234
4235;Юридическое лицо;27.01.2013;16.01.2014;217604;tiaracet;https://lknpd.nalog.ru/;3235
4236;Юридическое лицо;03.01.2016;31.08.2016;403076;ct_cadel;https://lknpd.nalog.ru/;3236
4237;Юридическое лицо;19.06.2017;22.07.2014;315594;necsliac;https://lknpd.nalog.ru/;3237
4238;Юридическое лицо;26.05.2013;18.04.2016;358741;nanairle;https://lknpd.nalog.ru/;3238
4239;Физическое лицо;20.01.2014;27.01.2015;324698;t__aeotl;https://lknpd.nalog.ru/;3239
4240;Физическое лицо;31.01.2011;16.10.2012;828132;e__aCean;https://lknpd.nalog.ru/;3240
4241;Юридическое лицо;07.09.2010;22.03.2014;51413;ndaati_o;https://lknpd.nalog.ru/;3241
4242;Юридическое лицо;19.09.2012;04.02.2015;368324;ra_it_ei;https://lknpd.nalog.ru/;3242
4243;Физическое лицо;30.10.2015;04.04.2016;894825;ne_n_ita;https://lknpd.nalog.ru/;3243
4244;Юридическое лицо;01.08.2016;10.10.2015;571124;_in_ocnd;https://lknpd.nalog.ru/;3244
4245;Юридическое лицо;03.08.2010;23.01.2011;712331;nec_taec;https://lknpd.nalog.ru/;3245
4246;Юридическое лицо;08.08.2011;07.01.2011;965895;cipntdrt;https://lknpd.nalog.ru/;3246
4247;Юридическое лицо;05.09.2016;19.02.2010;611148;titlCrlc;https://lknpd.nalog.ru/;3247
4248;Юридическое лицо;19.04.2013;21.08.2012;145051;dcnpeiit;https://lknpd.nalog.ru/;3248
4249;Юридическое лицо;17.06.2012;10.08.2010;71845;a_r_toer;https://lknpd.nalog.ru/;3249
4250;Физическое лицо;02.11.2011;01.02.2012;893455;lliitrnt;https://lknpd.nalog.ru/;3250
4251;Физическое лицо;21.11.2016;26.03.2015;60157;tc_dntCe;https://lknpd.nalog.ru/;3251
4252;Юридическое лицо;01.01.2016;02.06.2016;352956;_sena_ia;https://lknpd.nalog.ru/;3252
4253;Юридическое лицо;31.07.2013;22.05.2012;33337;iarotlei;https://lknpd.nalog.ru/;3253
4254;Юридическое лицо;15.03.2017;03.05.2012;503361;tlp_i_pi;https://lknpd.nalog.ru/;3254
4255;Юридическое лицо;29.09.2010;31.01.2012;997284;taeaictr;https://lknpd.nalog.ru/;3255
4256;Юридическое лицо;23.06.2017;25.02.2010;491039;lC_isoeo;https://lknpd.nalog.ru/;3256
4257;Юридическое лицо;25.03.2013;08.12.2017;20698;rsticiep;https://lknpd.nalog.ru/;3257
4258;Юридическое лицо;25.06.2017;21.10.2015;586446;otneesls;https://lknpd.nalog.ru/;3258
4259;Юридическое лицо;07.07.2010;20.03.2015;862530;ardioana;https://lknpd.nalog.ru/;3259
4260;Юридическое лицо;03.07.2012;11.11.2010;801796;_ctictii;https://lknpd.nalog.ru/;3260
4261;Физическое лицо;09.09.2012;15.10.2014;618948;asenrtna;https://lknpd.nalog.ru/;3261
4262;Юридическое лицо;15.06.2012;07.07.2012;450144;eeeiCeet;https://lknpd.nalog.ru/;3262
4263;Физическое лицо;26.06.2014;28.02.2017;546094;lsartese;https://lknpd.nalog.ru/;3263
4264;Юридическое лицо;13.11.2013;31.07.2013;177130;tn_elcei;https://lknpd.nalog.ru/;3264
4265;Физическое лицо;30.03.2015;19.06.2016;464867;_tsiclrl;https://lknpd.nalog.ru/;3265
4266;Физическое лицо;27.11.2011;03.07.2010;246616;neeti_pi;https://lknpd.nalog.ru/;3266
4267;Физическое лицо;09.12.2014;16.06.2012;403992;intttiar;https://lknpd.nalog.ru/;3267
4268;Юридическое лицо;07.05.2012;05.05.2015;111490;iCe_tole;https://lknpd.nalog.ru/;3268
4269;Физическое лицо;03.03.2010;05.07.2014;387617;tariCtCC;https://lknpd.nalog.ru/;3269
4270;Физическое лицо;11.08.2011;18.10.2011;550874;cpnCptai;https://lknpd.nalog.ru/;3270
4271;Физическое лицо;27.02.2014;18.08.2013;523690;dplpntdn;https://lknpd.nalog.ru/;3271
4272;Юридическое лицо;20.09.2016;05.03.2015;904985;sia_Crir;https://lknpd.nalog.ru/;3272
4273;Физическое лицо;01.10.2012;12.06.2010;799371;csecca_i;https://lknpd.nalog.ru/;3273
4274;Физическое лицо;07.05.2017;04.06.2012;188906;epnoennt;https://lknpd.nalog.ru/;3274
4275;Юридическое лицо;02.06.2016;18.03.2011;239720;lciepdtt;https://lknpd.nalog.ru/;3275
4276;Физическое лицо;11.10.2013;10.02.2014;116512;iesidaci;https://lknpd.nalog.ru/;3276
4277;Физическое лицо;07.04.2016;21.10.2015;335929;ctoetee_;https://lknpd.nalog.ru/;3277
4278;Физическое лицо;29.11.2012;06.06.2010;315803;iietiipn;https://lknpd.nalog.ru/;3278
4279;Юридическое лицо;05.01.2012;24.09.2013;899313;eCilspis;https://lknpd.nalog.ru/;3279
4280;Юридическое лицо;15.04.2016;09.03.2015;266887;nctrtitn;https://lknpd.nalog.ru/;3280
4281;Юридическое лицо;01.01.2016;13.02.2012;747354;ndeacsce;https://lknpd.nalog.ru/;3281
4282;Юридическое лицо;27.01.2016;30.10.2013;743882;aiioaonc;https://lknpd.nalog.ru/;3282
4283;Физическое лицо;18.03.2017;21.09.2015;878016;aeratrna;https://lknpd.nalog.ru/;3283
4284;Юридическое лицо;16.01.2015;05.06.2015;791961;tianceci;https://lknpd.nalog.ru/;3284
4285;Физическое лицо;27.03.2017;02.12.2014;38588;asnCnptd;https://lknpd.nalog.ru/;3285
4286;Физическое лицо;13.08.2014;30.08.2016;520811;anpntCna;https://lknpd.nalog.ru/;3286
4287;Юридическое лицо;20.04.2010;19.09.2013;845324;ti_Ctonc;https://lknpd.nalog.ru/;3287
4288;Физическое лицо;27.10.2010;11.11.2013;245748;olr_i_nC;https://lknpd.nalog.ru/;3288
4289;Физическое лицо;02.04.2011;27.09.2017;860086;lrnneric;https://lknpd.nalog.ru/;3289
4290;Физическое лицо;27.04.2014;17.12.2014;757736;tnpecti_;https://lknpd.nalog.ru/;3290
4291;Физическое лицо;23.07.2011;30.03.2014;280302;itetalin;https://lknpd.nalog.ru/;3291
4292;Физическое лицо;26.05.2014;13.07.2011;753557;iitCniao;https://lknpd.nalog.ru/;3292
4293;Физическое лицо;28.04.2015;09.02.2016;148429;tedCdsni;https://lknpd.nalog.ru/;3293
4294;Физическое лицо;20.12.2014;03.10.2014;707402;nciseddi;https://lknpd.nalog.ru/;3294
4295;Физическое лицо;08.04.2011;01.11.2017;237211;rtin_tcr;https://lknpd.nalog.ru/;3295
4296;Юридическое лицо;25.07.2014;16.06.2011;715104;dpnrt_ae;https://lknpd.nalog.ru/;3296
4297;Юридическое лицо;26.09.2016;23.07.2015;16962;idtdaetC;https://lknpd.nalog.ru/;3297
4298;Физическое лицо;06.05.2010;27.01.2016;92283;ietpcsi_;https://lknpd.nalog.ru/;3298
4299;Юридическое лицо;16.09.2017;10.01.2011;361132;sat_rt_s;https://lknpd.nalog.ru/;3299
4300;Физическое лицо;03.02.2010;03.09.2010;757649;eoeeepci;https://lknpd.nalog.ru/;3300
4301;Физическое лицо;11.10.2012;15.08.2015;896409;rntaairC;https://lknpd.nalog.ru/;3301
4302;Физическое лицо;22.03.2012;12.12.2012;682704;toiacosa;https://lknpd.nalog.ru/;3302
4303;Физическое лицо;02.03.2017;05.05.2014;153590;ersroocd;https://lknpd.nalog.ru/;3303
4304;Физическое лицо;07.10.2017;19.03.2016;939113;__ee_t_n;https://lknpd.nalog.ru/;3304
4305;Физическое лицо;22.09.2010;27.10.2017;925502;ntntdaic;https://lknpd.nalog.ru/;3305
4306;Юридическое лицо;23.05.2010;30.05.2017;124966;nCtdtcnn;https://lknpd.nalog.ru/;3306
4307;Юридическое лицо;02.12.2013;27.04.2010;488181;_Ctcdpsn;https://lknpd.nalog.ru/;3307
4308;Юридическое лицо;16.05.2016;09.02.2013;201208;cei_aiio;https://lknpd.nalog.ru/;3308
4309;Физическое лицо;09.11.2011;13.09.2017;591607;_inCrcao;https://lknpd.nalog.ru/;3309
4310;Юридическое лицо;17.08.2012;01.07.2011;19471;CdittCtc;https://lknpd.nalog.ru/;3310
4311;Юридическое лицо;01.04.2014;26.06.2015;376197;i_plic_d;https://lknpd.nalog.ru/;3311
4312;Физическое лицо;09.09.2010;22.05.2012;72561;idiirai_;https://lknpd.nalog.ru/;3312
4313;Физическое лицо;15.06.2011;14.10.2012;621349;etncaitn;https://lknpd.nalog.ru/;3313
4314;Юридическое лицо;18.09.2012;26.03.2011;248850;slictitc;https://lknpd.nalog.ru/;3314
4315;Физическое лицо;09.06.2010;14.05.2016;982250;sontapan;https://lknpd.nalog.ru/;3315
4316;Юридическое лицо;29.06.2015;01.02.2011;621835;_iticaci;https://lknpd.nalog.ru/;3316
4317;Юридическое лицо;19.10.2014;11.08.2010;121232;sd_lciin;https://lknpd.nalog.ru/;3317
4318;Физическое лицо;07.06.2014;25.08.2010;556084;atra_ced;https://lknpd.nalog.ru/;3318
4319;Юридическое лицо;05.10.2012;04.07.2017;889897;snntiiti;https://lknpd.nalog.ru/;3319
4320;Физическое лицо;27.07.2015;24.03.2016;660858;oeitsati;https://lknpd.nalog.ru/;3320
4321;Физическое лицо;05.03.2013;12.09.2012;968273;anepioso;https://lknpd.nalog.ru/;3321
4322;Физическое лицо;25.07.2015;10.10.2013;372628;tr_cnctn;https://lknpd.nalog.ru/;3322
4323;Физическое лицо;04.07.2017;06.06.2017;617264;lncirrde;https://lknpd.nalog.ru/;3323
4324;Юридическое лицо;12.09.2013;07.11.2012;197749;inlpsnCi;https://lknpd.nalog.ru/;3324
4325;Юридическое лицо;11.11.2015;02.08.2014;450617;ticatcse;https://lknpd.nalog.ru/;3325
4326;Юридическое лицо;20.11.2015;26.08.2010;896544;etaeleCr;https://lknpd.nalog.ru/;3326
4327;Юридическое лицо;15.12.2014;31.08.2016;382676;dnntttir;https://lknpd.nalog.ru/;3327
4328;Физическое лицо;30.08.2014;27.12.2011;140040;irnoatnr;https://lknpd.nalog.ru/;3328
4329;Юридическое лицо;21.02.2010;21.10.2013;158169;tCira_id;https://lknpd.nalog.ru/;3329
4330;Физическое лицо;09.03.2017;19.04.2017;420616;Cirrsll_;https://lknpd.nalog.ru/;3330
4331;Физическое лицо;22.05.2013;01.10.2017;120274;niic_iat;https://lknpd.nalog.ru/;3331
4332;Юридическое лицо;29.03.2017;30.08.2010;247801;tctetped;https://lknpd.nalog.ru/;3332
4333;Юридическое лицо;17.04.2017;19.11.2017;123217;oreatiap;https://lknpd.nalog.ru/;3333
4334;Физическое лицо;30.03.2015;05.10.2011;910482;tcteeeii;https://lknpd.nalog.ru/;3334
4335;Юридическое лицо;31.01.2015;18.03.2017;745649;eiostiie;https://lknpd.nalog.ru/;3335
4336;Физическое лицо;22.03.2014;28.11.2015;336766;otdpsitt;https://lknpd.nalog.ru/;3336
4337;Юридическое лицо;08.08.2012;11.05.2012;211056;eecnnona;https://lknpd.nalog.ru/;3337
4338;Физическое лицо;02.11.2015;20.01.2014;832755;ipti_aad;https://lknpd.nalog.ru/;3338
4339;Физическое лицо;28.04.2016;01.08.2013;671457;oorscdic;https://lknpd.nalog.ru/;3339
4340;Юридическое лицо;17.05.2016;05.10.2012;731461;ddsncnt_;https://lknpd.nalog.ru/;3340
4341;Юридическое лицо;06.05.2013;03.10.2016;760615;aeiCp_tn;https://lknpd.nalog.ru/;3341
4342;Юридическое лицо;01.10.2010;21.03.2014;233150;esiedato;https://lknpd.nalog.ru/;3342
4343;Физическое лицо;23.05.2015;23.05.2015;573053;nrcnanst;https://lknpd.nalog.ru/;3343
4344;Физическое лицо;28.06.2012;31.03.2012;968323;set_ecot;https://lknpd.nalog.ru/;3344
4345;Физическое лицо;22.10.2014;11.08.2012;475080;ilipaicp;https://lknpd.nalog.ru/;3345
4346;Юридическое лицо;05.10.2017;14.04.2012;64610;arctsnet;https://lknpd.nalog.ru/;3346
4347;Юридическое лицо;26.07.2012;04.03.2017;404112;aciienpt;https://lknpd.nalog.ru/;3347
4348;Физическое лицо;06.05.2017;27.05.2011;748828;eetlciic;https://lknpd.nalog.ru/;3348
4349;Юридическое лицо;08.04.2014;14.06.2015;562519;_eneee_c;https://lknpd.nalog.ru/;3349
4350;Физическое лицо;27.08.2016;14.04.2010;765429;inspds_n;https://lknpd.nalog.ru/;3350
4351;Юридическое лицо;17.02.2010;16.06.2015;662253;reriiean;https://lknpd.nalog.ru/;3351
4352;Физическое лицо;22.09.2015;02.04.2017;142618;ct_lirtr;https://lknpd.nalog.ru/;3352
4353;Физическое лицо;03.01.2011;24.10.2010;126508;_Cacdtss;https://lknpd.nalog.ru/;3353
4354;Физическое лицо;19.03.2013;31.03.2012;87375;_eripcce;https://lknpd.nalog.ru/;3354
4355;Физическое лицо;13.05.2012;09.10.2016;904666;_apielln;https://lknpd.nalog.ru/;3355
4356;Физическое лицо;29.05.2010;31.10.2014;40624;iraciare;https://lknpd.nalog.ru/;3356
4357;Юридическое лицо;22.04.2014;22.03.2010;806759;Ctidcnlt;https://lknpd.nalog.ru/;3357
4358;Юридическое лицо;19.03.2015;14.03.2016;173821;aiptcane;https://lknpd.nalog.ru/;3358
4359;Юридическое лицо;20.07.2017;27.08.2013;513735;dtanpr_e;https://lknpd.nalog.ru/;3359
4360;Физическое лицо;03.03.2014;04.03.2015;858190;pt_CiCte;https://lknpd.nalog.ru/;3360
4361;Физическое лицо;14.06.2011;18.03.2011;669737;nprdeiio;https://lknpd.nalog.ru/;3361
4362;Юридическое лицо;08.06.2016;09.03.2014;887865;der_caCp;https://lknpd.nalog.ru/;3362
4363;Физическое лицо;20.12.2017;18.08.2016;712668;erntece_;https://lknpd.nalog.ru/;3363
4364;Физическое лицо;19.10.2017;22.04.2015;488197;Cie_oeon;https://lknpd.nalog.ru/;3364
4365;Физическое лицо;19.09.2015;23.04.2013;349293;CiCptnts;https://lknpd.nalog.ru/;3365
4366;Физическое лицо;02.09.2012;22.03.2016;390456;edlcinri;https://lknpd.nalog.ru/;3366
4367;Юридическое лицо;27.11.2015;28.03.2014;831115;odnseite;https://lknpd.nalog.ru/;3367
4368;Юридическое лицо;29.01.2014;05.04.2014;504195;aao_crrl;https://lknpd.nalog.ru/;3368
4369;Физическое лицо;22.05.2010;20.01.2010;437285;Cioptdai;https://lknpd.nalog.ru/;3369
4370;Физическое лицо;08.09.2017;09.05.2010;968522;soeiai_n;https://lknpd.nalog.ru/;3370
4371;Юридическое лицо;20.08.2015;01.01.2013;820797;adtd_ern;https://lknpd.nalog.ru/;3371
4372;Юридическое лицо;14.10.2013;25.01.2013;613520;tlttdpdt;https://lknpd.nalog.ru/;3372
4373;Физическое лицо;29.09.2012;20.12.2012;124203;odCnclii;https://lknpd.nalog.ru/;3373
4374;Юридическое лицо;12.04.2015;08.08.2010;113088;eeiilice;https://lknpd.nalog.ru/;3374
4375;Юридическое лицо;10.06.2015;16.06.2013;21129;inrrpitr;https://lknpd.nalog.ru/;3375
4376;Физическое лицо;13.09.2013;06.10.2014;360422;cptlcici;https://lknpd.nalog.ru/;3376
4377;Юридическое лицо;26.01.2010;05.08.2011;89797;iecidrns;https://lknpd.nalog.ru/;3377
4378;Физическое лицо;20.03.2015;30.12.2016;847411;iin_cpac;https://lknpd.nalog.ru/;3378
4379;Физическое лицо;09.08.2015;18.02.2010;174850;e_anrans;https://lknpd.nalog.ru/;3379
4380;Физическое лицо;10.08.2012;16.05.2016;79190;ircaCctt;https://lknpd.nalog.ru/;3380
4381;Юридическое лицо;23.08.2015;14.06.2013;643697;isnpel_i;https://lknpd.nalog.ru/;3381
4382;Юридическое лицо;14.04.2013;31.07.2015;305096;_potansn;https://lknpd.nalog.ru/;3382
4383;Юридическое лицо;29.05.2010;24.07.2015;693642;_tCieiil;https://lknpd.nalog.ru/;3383
4384;Физическое лицо;15.04.2011;06.12.2016;97278;aeiecdi_;https://lknpd.nalog.ru/;3384
4385;Физическое лицо;29.09.2012;31.01.2012;116042;na_aniet;https://lknpd.nalog.ru/;3385
4386;Физическое лицо;08.04.2015;17.05.2010;558225;a_icedrc;https://lknpd.nalog.ru/;3386
4387;Физическое лицо;17.02.2012;09.04.2012;173756;rarpliit;https://lknpd.nalog.ru/;3387
4388;Юридическое лицо;08.07.2012;20.06.2017;188430;iicttsrt;https://lknpd.nalog.ru/;3388
4389;Физическое лицо;29.08.2010;04.01.2011;498106;dloilen_;https://lknpd.nalog.ru/;3389
4390;Юридическое лицо;11.12.2012;30.05.2015;695483;eCioadnl;https://lknpd.nalog.ru/;3390
4391;Физическое лицо;21.01.2011;18.10.2016;161640;tcdacpne;https://lknpd.nalog.ru/;3391
4392;Физическое лицо;31.01.2013;06.01.2013;275801;piC_easa;https://lknpd.nalog.ru/;3392
4393;Физическое лицо;31.08.2012;07.10.2015;332916;dlitertt;https://lknpd.nalog.ru/;3393
4394;Юридическое лицо;04.02.2016;22.09.2014;150279;tcptctnt;https://lknpd.nalog.ru/;3394
4395;Физическое лицо;18.06.2015;02.09.2015;169564;toniitCl;https://lknpd.nalog.ru/;3395
4396;Физическое лицо;07.10.2011;08.08.2016;385088;iciioiis;https://lknpd.nalog.ru/;3396
4397;Юридическое лицо;17.01.2016;19.11.2017;855887;Cr_elaii;https://lknpd.nalog.ru/;3397
4398;Юридическое лицо;03.07.2012;07.05.2010;278878;dptrttpt;https://lknpd.nalog.ru/;3398
4399;Физическое лицо;20.08.2011;03.06.2013;941240;n_ttttea;https://lknpd.nalog.ru/;3399
4400;Юридическое лицо;05.05.2017;08.04.2011;847650;acaennps;https://lknpd.nalog.ru/;3400
4401;Физическое лицо;30.01.2012;25.11.2010;385437;t_dctrer;https://lknpd.nalog.ru/;3401
4402;Юридическое лицо;13.12.2015;22.04.2014;188517;Cpanlnnn;https://lknpd.nalog.ru/;3402
4403;Физическое лицо;08.11.2011;30.07.2016;967451;rcnnciie;https://lknpd.nalog.ru/;3403
4404;Физическое лицо;07.08.2016;12.01.2014;753636;pciatll_;https://lknpd.nalog.ru/;3404
4405;Юридическое лицо;19.01.2010;03.05.2014;963622;tttpcane;https://lknpd.nalog.ru/;3405
4406;Юридическое лицо;19.03.2010;20.08.2016;815536;dcto_red;https://lknpd.nalog.ru/;3406
4407;Физическое лицо;24.05.2014;04.09.2017;251676;rein_rtc;https://lknpd.nalog.ru/;3407
4408;Физическое лицо;26.04.2014;08.12.2011;655109;_otnntct;https://lknpd.nalog.ru/;3408
4409;Физическое лицо;28.03.2013;23.09.2017;246751;itonteit;https://lknpd.nalog.ru/;3409
4410;Юридическое лицо;28.01.2013;14.05.2017;253502;arrpio_l;https://lknpd.nalog.ru/;3410
4411;Юридическое лицо;20.07.2011;01.04.2011;325716;tni_onnt;https://lknpd.nalog.ru/;3411
4412;Физическое лицо;10.04.2017;01.01.2010;519172;_dieeiCi;https://lknpd.nalog.ru/;3412
4413;Юридическое лицо;04.12.2010;11.08.2012;646019;pcpraani;https://lknpd.nalog.ru/;3413
4414;Физическое лицо;27.04.2012;13.07.2010;331335;ttessset;https://lknpd.nalog.ru/;3414
4415;Физическое лицо;03.08.2013;26.10.2017;515314;ne_ntorl;https://lknpd.nalog.ru/;3415
4416;Физическое лицо;03.04.2010;08.04.2015;931090;ltniaoeo;https://lknpd.nalog.ru/;3416
4417;Физическое лицо;23.05.2010;04.07.2016;718126;diceiaac;https://lknpd.nalog.ru/;3417
4418;Физическое лицо;24.09.2013;26.02.2016;441428;enitn_np;https://lknpd.nalog.ru/;3418
4419;Физическое лицо;18.10.2016;05.12.2011;455786;eetrnitn;https://lknpd.nalog.ru/;3419
4420;Физическое лицо;14.01.2012;05.10.2012;547418;nClpencc;https://lknpd.nalog.ru/;3420
4421;Физическое лицо;01.12.2012;14.12.2016;805908;ceonssi_;https://lknpd.nalog.ru/;3421
4422;Физическое лицо;29.01.2017;10.04.2016;617779;_rnnnari;https://lknpd.nalog.ru/;3422
4423;Юридическое лицо;19.06.2011;05.02.2010;857642;it_eicoo;https://lknpd.nalog.ru/;3423
4424;Физическое лицо;28.05.2011;07.07.2013;799127;lenidoar;https://lknpd.nalog.ru/;3424
4425;Физическое лицо;14.10.2013;26.06.2011;928958;iiiidCCi;https://lknpd.nalog.ru/;3425
4426;Юридическое лицо;27.02.2016;03.12.2010;864111;cneintia;https://lknpd.nalog.ru/;3426
4427;Физическое лицо;10.11.2013;12.11.2014;522212;lactrini;https://lknpd.nalog.ru/;3427
4428;Юридическое лицо;19.02.2015;24.07.2014;844723;nlacpten;https://lknpd.nalog.ru/;3428
4429;Физическое лицо;12.04.2010;15.08.2015;924249;ic_dtars;https://lknpd.nalog.ru/;3429
4430;Физическое лицо;28.09.2014;16.02.2010;731998;ltetdiia;https://lknpd.nalog.ru/;3430
4431;Физическое лицо;09.04.2010;04.10.2014;607272;irtldlpi;https://lknpd.nalog.ru/;3431
4432;Физическое лицо;06.01.2016;06.12.2014;773380;aspcCtip;https://lknpd.nalog.ru/;3432
4433;Физическое лицо;04.09.2017;26.11.2014;836764;tentcttp;https://lknpd.nalog.ru/;3433
4434;Юридическое лицо;13.08.2010;01.12.2017;148991;nieriiel;https://lknpd.nalog.ru/;3434
4435;Юридическое лицо;22.12.2012;23.04.2016;142669;td_slraC;https://lknpd.nalog.ru/;3435
4436;Физическое лицо;27.10.2016;27.08.2015;58058;rCctrert;https://lknpd.nalog.ru/;3436
4437;Физическое лицо;05.04.2013;10.11.2012;560121;itottprt;https://lknpd.nalog.ru/;3437
4438;Юридическое лицо;22.07.2011;30.04.2016;496744;Cta_rirn;https://lknpd.nalog.ru/;3438
4439;Физическое лицо;04.04.2012;21.01.2012;795944;clt_c_er;https://lknpd.nalog.ru/;3439
4440;Физическое лицо;04.05.2014;06.10.2011;258634;pt_irtse;https://lknpd.nalog.ru/;3440
4441;Юридическое лицо;23.04.2016;09.01.2015;727191;iet___te;https://lknpd.nalog.ru/;3441
4442;Физическое лицо;06.05.2011;23.05.2013;939136;ecaanpnn;https://lknpd.nalog.ru/;3442
4443;Физическое лицо;24.05.2016;09.07.2012;887959;ssnpnaCa;https://lknpd.nalog.ru/;3443
4444;Физическое лицо;07.05.2015;14.04.2016;975023;cniecitc;https://lknpd.nalog.ru/;3444
4445;Физическое лицо;10.02.2016;03.12.2012;850733;oiecienn;https://lknpd.nalog.ru/;3445
4446;Физическое лицо;06.10.2013;20.02.2011;396;eCitocea;https://lknpd.nalog.ru/;3446
4447;Юридическое лицо;05.09.2011;28.03.2014;658520;srelniil;https://lknpd.nalog.ru/;3447
4448;Юридическое лицо;17.08.2012;04.04.2012;50300;tant_ric;https://lknpd.nalog.ru/;3448
4449;Юридическое лицо;10.12.2011;02.02.2016;714008;iCpn_tee;https://lknpd.nalog.ru/;3449
4450;Юридическое лицо;06.08.2016;05.08.2013;393235;criarrli;https://lknpd.nalog.ru/;3450
4451;Физическое лицо;18.05.2010;26.09.2015;782006;eeCtoain;https://lknpd.nalog.ru/;3451
4452;Физическое лицо;16.12.2016;16.09.2016;23837;ctinrita;https://lknpd.nalog.ru/;3452
4453;Юридическое лицо;29.01.2013;22.01.2012;11415;litr_prr;https://lknpd.nalog.ru/;3453
4454;Физическое лицо;17.08.2011;19.10.2010;96960;np_deiep;https://lknpd.nalog.ru/;3454
4455;Юридическое лицо;11.10.2010;20.07.2017;132988;ooeniand;https://lknpd.nalog.ru/;3455
4456;Физическое лицо;15.02.2017;02.09.2016;834415;ttttiinr;https://lknpd.nalog.ru/;3456
4457;Юридическое лицо;24.10.2014;09.05.2014;239109;etriilni;https://lknpd.nalog.ru/;3457
4458;Физическое лицо;17.08.2016;11.10.2010;685608;titnioip;https://lknpd.nalog.ru/;3458
4459;Юридическое лицо;28.02.2013;19.03.2014;801862;isnnnoec;https://lknpd.nalog.ru/;3459
4460;Физическое лицо;30.11.2011;04.03.2017;773352;trccenes;https://lknpd.nalog.ru/;3460
4461;Физическое лицо;02.06.2014;06.07.2014;835627;tetnneoi;https://lknpd.nalog.ru/;3461
4462;Юридическое лицо;22.05.2011;24.07.2015;906064;tiaitdlr;https://lknpd.nalog.ru/;3462
4463;Физическое лицо;24.10.2011;03.04.2010;360463;_e_n_ric;https://lknpd.nalog.ru/;3463
4464;Физическое лицо;03.02.2010;01.04.2017;687635;einecaer;https://lknpd.nalog.ru/;3464
4465;Физическое лицо;08.03.2011;24.01.2014;572514;tpocenis;https://lknpd.nalog.ru/;3465
4466;Физическое лицо;07.09.2017;09.03.2013;506193;ct_etiai;https://lknpd.nalog.ru/;3466
4467;Физическое лицо;02.01.2011;14.03.2012;377702;CoeritCt;https://lknpd.nalog.ru/;3467
4468;Юридическое лицо;14.06.2014;05.12.2017;433037;ttdcnsio;https://lknpd.nalog.ru/;3468
4469;Физическое лицо;18.05.2014;16.07.2016;194949;esecapCr;https://lknpd.nalog.ru/;3469
4470;Физическое лицо;20.04.2011;04.09.2017;312961;i_ieenci;https://lknpd.nalog.ru/;3470
4471;Физическое лицо;08.01.2017;03.08.2012;185182;nsaatcda;https://lknpd.nalog.ru/;3471
4472;Юридическое лицо;08.10.2013;31.03.2014;577247;nttetpie;https://lknpd.nalog.ru/;3472
4473;Юридическое лицо;17.04.2011;23.06.2011;312367;pei_ednt;https://lknpd.nalog.ru/;3473
4474;Юридическое лицо;07.01.2010;27.01.2013;560559;net_naat;https://lknpd.nalog.ru/;3474
4475;Физическое лицо;25.02.2014;12.12.2013;892828;aint_nia;https://lknpd.nalog.ru/;3475
4476;Юридическое лицо;29.10.2014;25.03.2011;352992;tntsoeie;https://lknpd.nalog.ru/;3476
4477;Юридическое лицо;16.03.2015;23.05.2014;539089;catlnctn;https://lknpd.nalog.ru/;3477
4478;Юридическое лицо;11.08.2017;26.05.2017;468531;errinsd_;https://lknpd.nalog.ru/;3478
4479;Юридическое лицо;02.09.2012;22.10.2012;654509;ete_rt_o;https://lknpd.nalog.ru/;3479
4480;Юридическое лицо;30.05.2010;27.11.2015;861163;eodrceil;https://lknpd.nalog.ru/;3480
4481;Юридическое лицо;25.05.2017;30.10.2010;884939;nioreint;https://lknpd.nalog.ru/;3481
4482;Юридическое лицо;15.11.2015;10.09.2010;69896;Ceepaipr;https://lknpd.nalog.ru/;3482
4483;Юридическое лицо;09.11.2016;15.09.2015;183664;tct_npec;https://lknpd.nalog.ru/;3483
4484;Физическое лицо;17.04.2011;25.04.2013;523939;tiddiene;https://lknpd.nalog.ru/;3484
4485;Юридическое лицо;25.02.2011;25.04.2012;395878;teitoidi;https://lknpd.nalog.ru/;3485
4486;Физическое лицо;29.07.2012;22.12.2014;289276;ieodia_t;https://lknpd.nalog.ru/;3486
4487;Физическое лицо;30.12.2016;01.03.2015;518931;_tcteCto;https://lknpd.nalog.ru/;3487
4488;Юридическое лицо;05.04.2014;26.06.2014;787915;nlnicipd;https://lknpd.nalog.ru/;3488
4489;Юридическое лицо;30.09.2015;19.05.2016;44622;cdiitr_t;https://lknpd.nalog.ru/;3489
4490;Юридическое лицо;03.07.2017;14.04.2014;271020;alCinrai;https://lknpd.nalog.ru/;3490
4491;Физическое лицо;15.05.2013;20.09.2013;39763;__tceoCo;https://lknpd.nalog.ru/;3491
4492;Физическое лицо;04.02.2010;11.06.2016;77224;rtrianst;https://lknpd.nalog.ru/;3492
4493;Физическое лицо;19.06.2012;24.07.2014;871274;taeoCerp;https://lknpd.nalog.ru/;3493
4494;Физическое лицо;10.06.2010;27.08.2010;957328;on_tee_a;https://lknpd.nalog.ru/;3494
4495;Физическое лицо;03.04.2016;27.11.2015;732063;aaeeidtd;https://lknpd.nalog.ru/;3495
4496;Физическое лицо;29.07.2015;25.03.2010;996666;nnccaris;https://lknpd.nalog.ru/;3496
4497;Юридическое лицо;03.08.2016;19.05.2016;373938;ncipecce;https://lknpd.nalog.ru/;3497
4498;Юридическое лицо;28.02.2013;09.02.2016;916375;nrceencc;https://lknpd.nalog.ru/;3498
4499;Юридическое лицо;09.12.2013;31.03.2012;703800;ct__Ctnn;https://lknpd.nalog.ru/;3499
4500;Юридическое лицо;26.06.2017;11.11.2012;784823;cotp_eti;https://lknpd.nalog.ru/;3500
4501;Физическое лицо;26.05.2013;18.05.2017;149357;iiCiotpn;https://lknpd.nalog.ru/;3501
4502;Физическое лицо;14.06.2017;07.09.2012;420438;tti_rnCi;https://lknpd.nalog.ru/;3502
4503;Юридическое лицо;12.09.2012;13.04.2011;950642;tnoedrnr;https://lknpd.nalog.ru/;3503
4504;Юридическое лицо;08.08.2012;22.05.2011;17198;nntnnnni;https://lknpd.nalog.ru/;3504
4505;Физическое лицо;06.03.2014;29.01.2015;783531;tnselCcC;https://lknpd.nalog.ru/;3505
4506;Юридическое лицо;03.02.2017;29.05.2016;774024;_tnroeii;https://lknpd.nalog.ru/;3506
4507;Физическое лицо;24.10.2012;14.07.2015;371574;atirttpa;https://lknpd.nalog.ru/;3507
4508;Физическое лицо;18.09.2015;29.10.2010;559331;eapcld_a;https://lknpd.nalog.ru/;3508
4509;Физическое лицо;15.03.2016;06.01.2017;992338;ntnppnii;https://lknpd.nalog.ru/;3509
4510;Юридическое лицо;13.11.2015;27.04.2013;891987;iCtdtlia;https://lknpd.nalog.ru/;3510
4511;Юридическое лицо;27.07.2016;16.07.2013;34530;rrrr_til;https://lknpd.nalog.ru/;3511
4512;Физическое лицо;06.08.2011;19.03.2010;769925;_ntnes_i;https://lknpd.nalog.ru/;3512
4513;Юридическое лицо;05.10.2010;21.09.2016;12168;td_cnntp;https://lknpd.nalog.ru/;3513
4514;Юридическое лицо;22.07.2011;10.06.2015;127660;_itartia;https://lknpd.nalog.ru/;3514
4515;Юридическое лицо;31.03.2012;30.10.2011;692013;pnrieend;https://lknpd.nalog.ru/;3515
4516;Физическое лицо;12.01.2011;30.07.2010;953972;eiicacii;https://lknpd.nalog.ru/;3516
4517;Физическое лицо;16.02.2015;23.09.2017;240545;rl_crctC;https://lknpd.nalog.ru/;3517
4518;Юридическое лицо;07.12.2011;22.10.2012;350977;trcrecan;https://lknpd.nalog.ru/;3518
4519;Юридическое лицо;15.02.2014;07.12.2010;546719;en_ccdit;https://lknpd.nalog.ru/;3519
4520;Юридическое лицо;19.10.2010;14.12.2014;65878;crtnttti;https://lknpd.nalog.ru/;3520
4521;Юридическое лицо;02.08.2016;25.07.2017;126747;iiecials;https://lknpd.nalog.ru/;3521
4522;Физическое лицо;15.10.2010;14.06.2013;276599;n__rrC_i;https://lknpd.nalog.ru/;3522
4523;Физическое лицо;27.06.2014;20.05.2013;267167;Cde_tnni;https://lknpd.nalog.ru/;3523
4524;Юридическое лицо;06.09.2017;15.05.2012;662592;ernni_pi;https://lknpd.nalog.ru/;3524
4525;Физическое лицо;02.06.2012;06.10.2015;312437;npds_ico;https://lknpd.nalog.ru/;3525
4526;Физическое лицо;25.11.2011;27.05.2011;42039;teto_inp;https://lknpd.nalog.ru/;3526
4527;Юридическое лицо;11.08.2015;17.09.2015;253319;ctptnl_n;https://lknpd.nalog.ru/;3527
4528;Физическое лицо;18.06.2016;09.11.2017;106721;trisllet;https://lknpd.nalog.ru/;3528
4529;Физическое лицо;27.11.2017;08.11.2013;22286;pet_atan;https://lknpd.nalog.ru/;3529
4530;Юридическое лицо;17.01.2013;09.09.2010;35784;reaitsCa;https://lknpd.nalog.ru/;3530
4531;Юридическое лицо;12.10.2013;12.06.2016;152211;tn_Cceto;https://lknpd.nalog.ru/;3531
4532;Физическое лицо;03.12.2017;14.06.2016;19665;edrrcdrn;https://lknpd.nalog.ru/;3532
4533;Физическое лицо;01.05.2010;16.05.2015;704597;cirdiii_;https://lknpd.nalog.ru/;3533
4534;Юридическое лицо;05.01.2014;06.05.2017;975426;raanineo;https://lknpd.nalog.ru/;3534
4535;Юридическое лицо;12.04.2015;15.02.2016;623571;eCinnlet;https://lknpd.nalog.ru/;3535
4536;Юридическое лицо;05.11.2010;08.03.2011;984738;tootrape;https://lknpd.nalog.ru/;3536
4537;Физическое лицо;20.12.2016;03.11.2017;921930;tdCda_ro;https://lknpd.nalog.ru/;3537
4538;Юридическое лицо;30.07.2016;28.05.2015;235779;netrloea;https://lknpd.nalog.ru/;3538
4539;Физическое лицо;20.05.2012;09.04.2017;355447;esnnintr;https://lknpd.nalog.ru/;3539
4540;Юридическое лицо;03.01.2010;29.01.2015;500289;_otirtal;https://lknpd.nalog.ru/;3540
4541;Физическое лицо;10.02.2011;19.10.2012;491729;iaeinC_i;https://lknpd.nalog.ru/;3541
4542;Физическое лицо;12.07.2016;23.11.2014;427015;acCicCti;https://lknpd.nalog.ru/;3542
4543;Юридическое лицо;18.05.2015;03.06.2016;329836;dClsnpid;https://lknpd.nalog.ru/;3543
4544;Юридическое лицо;09.03.2016;04.03.2011;182836;ct_neora;https://lknpd.nalog.ru/;3544
4545;Юридическое лицо;11.01.2016;10.10.2017;876947;naiiiict;https://lknpd.nalog.ru/;3545
4546;Юридическое лицо;23.08.2011;07.11.2011;222777;Ciiet_tn;https://lknpd.nalog.ru/;3546
4547;Юридическое лицо;17.07.2012;09.02.2012;338301;rsna_ens;https://lknpd.nalog.ru/;3547
4548;Физическое лицо;04.03.2016;29.06.2016;220185;__nnnr_C;https://lknpd.nalog.ru/;3548
4549;Юридическое лицо;03.01.2017;20.04.2012;826668;tetprn_l;https://lknpd.nalog.ru/;3549
4550;Юридическое лицо;10.09.2017;19.04.2012;438313;deaeoCss;https://lknpd.nalog.ru/;3550
4551;Физическое лицо;27.02.2010;09.11.2012;747603;oieiocae;https://lknpd.nalog.ru/;3551
4552;Юридическое лицо;28.09.2014;29.01.2010;74555;Cecanets;https://lknpd.nalog.ru/;3552
4553;Физическое лицо;01.05.2017;26.11.2017;266733;aiepcna_;https://lknpd.nalog.ru/;3553
4554;Юридическое лицо;23.06.2012;09.04.2016;358595;cer_cCtt;https://lknpd.nalog.ru/;3554
4555;Физическое лицо;04.07.2016;15.03.2013;515322;ettettds;https://lknpd.nalog.ru/;3555
4556;Физическое лицо;05.09.2010;13.12.2012;435703;teoa_ctr;https://lknpd.nalog.ru/;3556
4557;Юридическое лицо;12.04.2014;15.02.2010;440369;ceitt_rt;https://lknpd.nalog.ru/;3557
4558;Физическое лицо;06.10.2015;20.10.2017;316447;rcncna_p;https://lknpd.nalog.ru/;3558
4559;Юридическое лицо;13.11.2017;03.09.2017;455485;eecpctst;https://lknpd.nalog.ru/;3559
4560;Юридическое лицо;05.10.2012;23.02.2016;424052;etirsrei;https://lknpd.nalog.ru/;3560
4561;Юридическое лицо;17.02.2015;26.06.2014;298808;ant_erie;https://lknpd.nalog.ru/;3561
4562;Физическое лицо;02.05.2017;03.12.2012;520672;_rCciCoe;https://lknpd.nalog.ru/;3562
4563;Юридическое лицо;13.07.2010;21.10.2016;754188;ena_etio;https://lknpd.nalog.ru/;3563
4564;Физическое лицо;09.10.2015;12.09.2012;43814;tic_trtn;https://lknpd.nalog.ru/;3564
4565;Физическое лицо;02.03.2013;09.07.2010;141915;et_r_c_i;https://lknpd.nalog.ru/;3565
4566;Юридическое лицо;23.12.2016;31.08.2015;134172;oercrlea;https://lknpd.nalog.ru/;3566
4567;Физическое лицо;06.10.2016;16.02.2011;735222;tr_oedco;https://lknpd.nalog.ru/;3567
4568;Юридическое лицо;28.06.2016;20.08.2013;886114;taci_eae;https://lknpd.nalog.ru/;3568
4569;Юридическое лицо;03.09.2011;05.10.2011;508815;__it_stn;https://lknpd.nalog.ru/;3569
4570;Юридическое лицо;21.06.2016;21.01.2010;602076;ttoneitd;https://lknpd.nalog.ru/;3570
4571;Физическое лицо;09.11.2012;04.03.2011;875698;_a__aCee;https://lknpd.nalog.ru/;3571
4572;Физическое лицо;14.09.2013;27.12.2015;82116;_sitCnts;https://lknpd.nalog.ru/;3572
4573;Физическое лицо;04.12.2015;26.09.2017;318513;dteeairs;https://lknpd.nalog.ru/;3573
4574;Физическое лицо;07.08.2011;16.02.2014;229866;srprirtn;https://lknpd.nalog.ru/;3574
4575;Физическое лицо;02.02.2017;19.06.2013;71674;tctntpao;https://lknpd.nalog.ru/;3575
4576;Юридическое лицо;09.03.2016;16.10.2010;506149;eit_eict;https://lknpd.nalog.ru/;3576
4577;Физическое лицо;16.03.2017;25.12.2013;260524;sCeCr_et;https://lknpd.nalog.ru/;3577
4578;Юридическое лицо;18.02.2016;30.11.2015;11498;apncs_it;https://lknpd.nalog.ru/;3578
4579;Физическое лицо;28.09.2017;17.07.2016;153778;leetitoi;https://lknpd.nalog.ru/;3579
4580;Физическое лицо;22.09.2010;25.01.2015;228831;esrnneCa;https://lknpd.nalog.ru/;3580
4581;Юридическое лицо;18.10.2016;11.01.2012;435495;dntielac;https://lknpd.nalog.ru/;3581
4582;Физическое лицо;12.11.2013;11.06.2013;707534;_ti_tla_;https://lknpd.nalog.ru/;3582
4583;Юридическое лицо;05.02.2013;08.12.2012;652833;tirCsnnt;https://lknpd.nalog.ru/;3583
4584;Физическое лицо;04.02.2010;09.11.2015;220194;ntdnponp;https://lknpd.nalog.ru/;3584
4585;Физическое лицо;25.12.2017;27.05.2017;245830;lsdCttoe;https://lknpd.nalog.ru/;3585
4586;Юридическое лицо;27.07.2014;01.10.2014;173255;eaatsiat;https://lknpd.nalog.ru/;3586
4587;Юридическое лицо;09.06.2011;06.03.2013;815480;srrn_ait;https://lknpd.nalog.ru/;3587
4588;Юридическое лицо;29.01.2013;11.03.2010;302809;_CiCsnse;https://lknpd.nalog.ru/;3588
4589;Юридическое лицо;17.01.2010;22.08.2013;536318;rrletnnt;https://lknpd.nalog.ru/;3589
4590;Физическое лицо;12.01.2014;12.11.2013;936803;crct_ape;https://lknpd.nalog.ru/;3590
4591;Юридическое лицо;14.01.2015;17.10.2013;869810;soris_it;https://lknpd.nalog.ru/;3591
4592;Юридическое лицо;18.06.2012;03.02.2013;354909;ltdicoar;https://lknpd.nalog.ru/;3592
4593;Юридическое лицо;04.04.2016;09.04.2010;984754;oetietre;https://lknpd.nalog.ru/;3593
4594;Физическое лицо;13.01.2010;25.10.2014;27288;oiinaidi;https://lknpd.nalog.ru/;3594
4595;Физическое лицо;08.03.2012;27.04.2013;540979;_eciCoed;https://lknpd.nalog.ru/;3595
4596;Физическое лицо;10.01.2011;07.08.2017;763520;lltrarap;https://lknpd.nalog.ru/;3596
4597;Юридическое лицо;28.11.2013;29.10.2010;742564;toalnned;https://lknpd.nalog.ru/;3597
4598;Юридическое лицо;09.05.2010;21.08.2015;52928;ncinteta;https://lknpd.nalog.ru/;3598
4599;Физическое лицо;26.02.2017;15.04.2012;816843;sit_rnnc;https://lknpd.nalog.ru/;3599
4600;Юридическое лицо;18.07.2013;29.09.2010;127578;lteoiira;https://lknpd.nalog.ru/;3600
4601;Юридическое лицо;11.04.2014;01.11.2012;325437;_nceinrt;https://lknpd.nalog.ru/;3601
4602;Юридическое лицо;08.10.2016;11.05.2016;529164;oiiCtps_;https://lknpd.nalog.ru/;3602
4603;Физическое лицо;28.03.2014;23.03.2013;963576;n_icni_i;https://lknpd.nalog.ru/;3603
4604;Физическое лицо;23.10.2010;21.07.2013;211062;_tiiaeeC;https://lknpd.nalog.ru/;3604
4605;Физическое лицо;23.08.2014;31.10.2015;753940;Cteritct;https://lknpd.nalog.ru/;3605
4606;Физическое лицо;25.01.2017;06.01.2011;456789;eee_is_r;https://lknpd.nalog.ru/;3606
4607;Физическое лицо;16.09.2013;30.08.2012;791296;Cpirp_es;https://lknpd.nalog.ru/;3607
4608;Физическое лицо;05.08.2011;22.01.2017;146112;rnor_ien;https://lknpd.nalog.ru/;3608
4609;Юридическое лицо;15.04.2014;07.05.2013;944151;ldi_reit;https://lknpd.nalog.ru/;3609
4610;Юридическое лицо;12.01.2017;20.08.2011;150073;taaieacn;https://lknpd.nalog.ru/;3610
4611;Физическое лицо;07.11.2011;18.02.2017;169695;rsiplpeC;https://lknpd.nalog.ru/;3611
4612;Юридическое лицо;06.09.2010;19.04.2014;886160;cpittdni;https://lknpd.nalog.ru/;3612
4613;Физическое лицо;30.06.2014;28.11.2016;348278;eaieonep;https://lknpd.nalog.ru/;3613
4614;Юридическое лицо;09.06.2016;30.03.2016;314888;irianetc;https://lknpd.nalog.ru/;3614
4615;Физическое лицо;11.12.2014;06.03.2011;793658;rndiiCti;https://lknpd.nalog.ru/;3615
4616;Юридическое лицо;06.11.2012;17.04.2016;909047;rillne_c;https://lknpd.nalog.ru/;3616
4617;Юридическое лицо;18.07.2010;21.01.2016;845290;ceoiti_e;https://lknpd.nalog.ru/;3617
4618;Физическое лицо;26.01.2017;18.11.2016;376833;ietoicso;https://lknpd.nalog.ru/;3618
4619;Физическое лицо;09.04.2015;23.04.2013;198889;ltt_tida;https://lknpd.nalog.ru/;3619
4620;Юридическое лицо;20.11.2016;31.01.2012;170158;ererrn_C;https://lknpd.nalog.ru/;3620
4621;Физическое лицо;19.09.2015;25.04.2010;881535;nceini_r;https://lknpd.nalog.ru/;3621
4622;Физическое лицо;16.09.2014;31.07.2015;59355;r_dellsi;https://lknpd.nalog.ru/;3622
4623;Физическое лицо;09.02.2015;27.01.2012;27541;pineetpt;https://lknpd.nalog.ru/;3623
4624;Физическое лицо;28.07.2015;10.09.2016;305541;ia_realt;https://lknpd.nalog.ru/;3624
4625;Физическое лицо;17.04.2013;18.03.2017;861373;asorcnnn;https://lknpd.nalog.ru/;3625
4626;Юридическое лицо;19.02.2015;13.05.2016;211884;attdpite;https://lknpd.nalog.ru/;3626
4627;Физическое лицо;29.09.2010;28.12.2013;543834;tetCeine;https://lknpd.nalog.ru/;3627
4628;Юридическое лицо;08.09.2011;27.02.2015;85032;taCoteat;https://lknpd.nalog.ru/;3628
4629;Юридическое лицо;22.07.2012;14.04.2016;787793;aiatnite;https://lknpd.nalog.ru/;3629
4630;Юридическое лицо;17.02.2010;08.04.2017;887945;letntetd;https://lknpd.nalog.ru/;3630
4631;Физическое лицо;15.06.2016;08.08.2011;399684;Ccioo_ii;https://lknpd.nalog.ru/;3631
4632;Юридическое лицо;03.01.2010;06.07.2010;115381;__soinee;https://lknpd.nalog.ru/;3632
4633;Юридическое лицо;14.10.2016;24.01.2013;153044;ateCioed;https://lknpd.nalog.ru/;3633
4634;Юридическое лицо;22.06.2017;29.04.2010;673293;eptieinc;https://lknpd.nalog.ru/;3634
4635;Юридическое лицо;10.07.2016;07.06.2015;650330;nde__npn;https://lknpd.nalog.ru/;3635
4636;Физическое лицо;26.04.2017;11.10.2015;793378;__itrnnr;https://lknpd.nalog.ru/;3636
4637;Физическое лицо;08.04.2015;30.01.2015;79259;_eraedrr;https://lknpd.nalog.ru/;3637
4638;Юридическое лицо;12.12.2016;23.07.2013;264034;irrenrii;https://lknpd.nalog.ru/;3638
4639;Физическое лицо;27.03.2013;06.01.2014;19950;crrosnei;https://lknpd.nalog.ru/;3639
4640;Физическое лицо;28.05.2010;28.12.2013;508976;aeaaptot;https://lknpd.nalog.ru/;3640
4641;Физическое лицо;11.04.2015;13.11.2015;709076;cii_ce_t;https://lknpd.nalog.ru/;3641
4642;Юридическое лицо;04.05.2014;04.01.2015;294751;en_tt_d_;https://lknpd.nalog.ru/;3642
4643;Физическое лицо;12.11.2010;19.11.2013;417301;tinrccra;https://lknpd.nalog.ru/;3643
4644;Физическое лицо;16.01.2016;08.03.2014;98418;aCrti_ra;https://lknpd.nalog.ru/;3644
4645;Юридическое лицо;05.02.2010;14.12.2010;846266;tiet_ica;https://lknpd.nalog.ru/;3645
4646;Юридическое лицо;02.06.2017;14.09.2012;416628;_ortplic;https://lknpd.nalog.ru/;3646
4647;Юридическое лицо;11.09.2015;27.07.2015;701329;ili__tnl;https://lknpd.nalog.ru/;3647
4648;Физическое лицо;05.01.2015;22.05.2011;547362;rieici_n;https://lknpd.nalog.ru/;3648
4649;Физическое лицо;04.01.2011;12.11.2013;846360;tc_itrtd;https://lknpd.nalog.ru/;3649
4650;Физическое лицо;24.12.2011;04.09.2014;625576;Caettnrc;https://lknpd.nalog.ru/;3650
4651;Юридическое лицо;04.01.2012;06.08.2013;696801;otrsCeet;https://lknpd.nalog.ru/;3651
4652;Физическое лицо;06.02.2014;20.08.2010;944003;itincacd;https://lknpd.nalog.ru/;3652
4653;Физическое лицо;18.04.2015;21.02.2016;757270;stsitlnt;https://lknpd.nalog.ru/;3653
4654;Юридическое лицо;16.10.2017;14.12.2014;840356;dpnitito;https://lknpd.nalog.ru/;3654
4655;Физическое лицо;02.02.2010;03.07.2012;459931;iddci_in;https://lknpd.nalog.ru/;3655
4656;Физическое лицо;01.02.2014;14.12.2010;682199;crcner_o;https://lknpd.nalog.ru/;3656
4657;Юридическое лицо;27.03.2014;24.04.2011;709916;tcannnta;https://lknpd.nalog.ru/;3657
4658;Юридическое лицо;23.08.2016;26.07.2017;730708;cndepols;https://lknpd.nalog.ru/;3658
4659;Юридическое лицо;18.03.2014;26.10.2010;794004;itsti_ei;https://lknpd.nalog.ru/;3659
4660;Физическое лицо;30.09.2017;16.05.2013;914601;linCreea;https://lknpd.nalog.ru/;3660
4661;Физическое лицо;10.02.2017;27.11.2010;558852;_tnirCan;https://lknpd.nalog.ru/;3661
4662;Юридическое лицо;24.04.2016;22.07.2012;795471;iatreaip;https://lknpd.nalog.ru/;3662
4663;Физическое лицо;30.08.2014;26.01.2017;14997;ptl_t_da;https://lknpd.nalog.ru/;3663
4664;Юридическое лицо;15.11.2013;06.12.2012;255771;dalnCeti;https://lknpd.nalog.ru/;3664
4665;Физическое лицо;17.03.2011;14.06.2012;772890;acieCnia;https://lknpd.nalog.ru/;3665
4666;Юридическое лицо;02.08.2010;10.12.2015;690713;tnptrtrl;https://lknpd.nalog.ru/;3666
4667;Юридическое лицо;20.09.2011;18.10.2017;967211;llitptts;https://lknpd.nalog.ru/;3667
4668;Физическое лицо;27.03.2017;27.08.2014;735313;ie_Cccsn;https://lknpd.nalog.ru/;3668
4669;Физическое лицо;18.10.2017;28.06.2015;575721;nrldeie_;https://lknpd.nalog.ru/;3669
4670;Физическое лицо;28.03.2011;05.10.2013;807852;cn_Celc_;https://lknpd.nalog.ru/;3670
4671;Физическое лицо;01.09.2015;11.07.2017;288889;oenctcda;https://lknpd.nalog.ru/;3671
4672;Физическое лицо;15.08.2012;29.07.2017;990;atlalicr;https://lknpd.nalog.ru/;3672
4673;Юридическое лицо;03.03.2012;17.07.2013;336549;iCdcdnir;https://lknpd.nalog.ru/;3673
4674;Юридическое лицо;19.01.2016;16.01.2010;101783;rert_len;https://lknpd.nalog.ru/;3674
4675;Юридическое лицо;14.10.2014;16.10.2014;927848;poseeipt;https://lknpd.nalog.ru/;3675
4676;Юридическое лицо;23.10.2010;23.09.2014;771860;ccs_t_sn;https://lknpd.nalog.ru/;3676
4677;Физическое лицо;09.08.2011;23.02.2010;210708;rnraincC;https://lknpd.nalog.ru/;3677
4678;Физическое лицо;22.10.2016;27.10.2010;169003;ctait_ce;https://lknpd.nalog.ru/;3678
4679;Юридическое лицо;09.05.2015;12.02.2010;907096;irlto__a;https://lknpd.nalog.ru/;3679
4680;Физическое лицо;31.07.2016;19.02.2017;541390;ctdctapo;https://lknpd.nalog.ru/;3680
4681;Физическое лицо;20.05.2011;31.10.2010;30290;ndtnc_ia;https://lknpd.nalog.ru/;3681
4682;Юридическое лицо;17.04.2015;14.02.2016;575735;peiCer_n;https://lknpd.nalog.ru/;3682
4683;Юридическое лицо;27.08.2017;15.01.2014;340464;itiie_tC;https://lknpd.nalog.ru/;3683
4684;Юридическое лицо;20.09.2012;03.11.2013;530590;inadesii;https://lknpd.nalog.ru/;3684
4685;Юридическое лицо;11.10.2016;15.02.2015;444771;nccntiin;https://lknpd.nalog.ru/;3685
4686;Физическое лицо;13.04.2015;25.12.2011;436053;ni_dtntr;https://lknpd.nalog.ru/;3686
4687;Физическое лицо;21.12.2015;03.02.2015;698230;eeeCntat;https://lknpd.nalog.ru/;3687
4688;Юридическое лицо;03.01.2016;13.11.2011;891132;iaiiidnC;https://lknpd.nalog.ru/;3688
4689;Физическое лицо;31.01.2011;25.07.2016;311633;ntnc_dos;https://lknpd.nalog.ru/;3689
4690;Юридическое лицо;23.07.2014;07.06.2010;240009;sCn_Cnnn;https://lknpd.nalog.ru/;3690
4691;Физическое лицо;01.08.2014;20.10.2011;322738;ottCtCer;https://lknpd.nalog.ru/;3691
4692;Физическое лицо;22.03.2013;30.03.2012;158476;n_tencno;https://lknpd.nalog.ru/;3692
4693;Юридическое лицо;29.07.2011;05.09.2010;336991;airtttpa;https://lknpd.nalog.ru/;3693
4694;Юридическое лицо;26.11.2012;30.06.2017;931757;daotn_ei;https://lknpd.nalog.ru/;3694
4695;Юридическое лицо;10.10.2011;13.09.2012;194030;appitsid;https://lknpd.nalog.ru/;3695
4696;Юридическое лицо;22.02.2017;04.01.2010;955000;treteiet;https://lknpd.nalog.ru/;3696
4697;Физическое лицо;13.07.2013;31.12.2010;966220;ci_nneln;https://lknpd.nalog.ru/;3697
4698;Физическое лицо;07.02.2012;20.03.2017;237673;ciocio_c;https://lknpd.nalog.ru/;3698
4699;Физическое лицо;26.10.2015;27.04.2012;945469;_eoi_e_i;https://lknpd.nalog.ru/;3699
4700;Юридическое лицо;24.07.2010;11.03.2010;943117;rrenieoc;https://lknpd.nalog.ru/;3700
4701;Юридическое лицо;27.03.2014;19.01.2017;524576;inedirer;https://lknpd.nalog.ru/;3701
4702;Физическое лицо;05.12.2015;14.08.2011;244491;carersar;https://lknpd.nalog.ru/;3702
4703;Юридическое лицо;02.01.2013;12.03.2015;129360;Ctcitii_;https://lknpd.nalog.ru/;3703
4704;Физическое лицо;31.03.2010;26.10.2011;28404;ssstiiie;https://lknpd.nalog.ru/;3704
4705;Физическое лицо;21.12.2012;17.05.2014;607822;i_ton_ei;https://lknpd.nalog.ru/;3705
4706;Юридическое лицо;03.03.2014;24.09.2012;227418;iicntinr;https://lknpd.nalog.ru/;3706
4707;Физическое лицо;11.08.2015;08.11.2011;732583;rlscecre;https://lknpd.nalog.ru/;3707
4708;Юридическое лицо;26.12.2010;04.12.2015;812732;teecnrnc;https://lknpd.nalog.ru/;3708
4709;Физическое лицо;08.01.2011;01.07.2014;722857;_tcstncn;https://lknpd.nalog.ru/;3709
4710;Физическое лицо;08.08.2014;04.08.2010;728263;ittCtCta;https://lknpd.nalog.ru/;3710
4711;Юридическое лицо;01.12.2013;28.10.2010;942208;ct_tssts;https://lknpd.nalog.ru/;3711
4712;Юридическое лицо;23.07.2017;17.07.2017;297381;st___eri;https://lknpd.nalog.ru/;3712
4713;Физическое лицо;29.08.2011;14.12.2014;178333;dttcntsa;https://lknpd.nalog.ru/;3713
4714;Физическое лицо;05.01.2011;23.03.2013;883560;ttnat_o_;https://lknpd.nalog.ru/;3714
4715;Физическое лицо;17.03.2016;22.08.2014;161129;ittiiici;https://lknpd.nalog.ru/;3715
4716;Юридическое лицо;30.09.2012;14.09.2013;836172;ciCiled_;https://lknpd.nalog.ru/;3716
4717;Юридическое лицо;03.03.2012;08.04.2015;225290;ooeciaad;https://lknpd.nalog.ru/;3717
4718;Физическое лицо;06.03.2015;01.09.2014;2698;ptiCCctt;https://lknpd.nalog.ru/;3718
4719;Физическое лицо;05.10.2016;02.11.2011;273686;rCarricr;https://lknpd.nalog.ru/;3719
4720;Физическое лицо;02.05.2013;09.06.2011;338590;tteeet_t;https://lknpd.nalog.ru/;3720
4721;Физическое лицо;02.11.2011;22.12.2016;447774;tidtidnn;https://lknpd.nalog.ru/;3721
4722;Юридическое лицо;17.11.2016;13.12.2010;396040;irCac_ep;https://lknpd.nalog.ru/;3722
4723;Юридическое лицо;12.11.2011;09.12.2016;161286;nsi_Ctit;https://lknpd.nalog.ru/;3723
4724;Физическое лицо;06.02.2014;09.10.2011;722909;inrnnaer;https://lknpd.nalog.ru/;3724
4725;Физическое лицо;10.12.2011;10.08.2015;403460;drrtpild;https://lknpd.nalog.ru/;3725
4726;Физическое лицо;26.11.2015;05.02.2016;453052;tttdtotl;https://lknpd.nalog.ru/;3726
4727;Юридическое лицо;16.10.2015;26.06.2014;468034;epitt_no;https://lknpd.nalog.ru/;3727
4728;Юридическое лицо;29.10.2011;28.09.2017;619316;diosidio;https://lknpd.nalog.ru/;3728
4729;Физическое лицо;05.10.2015;11.09.2016;514287;eiaoecnt;https://lknpd.nalog.ru/;3729
4730;Юридическое лицо;09.01.2014;23.02.2014;970426;cdnncenn;https://lknpd.nalog.ru/;3730
4731;Юридическое лицо;28.10.2012;31.12.2014;616354;ccdootec;https://lknpd.nalog.ru/;3731
4732;Физическое лицо;16.04.2013;20.05.2010;323039;n_Cnaats;https://lknpd.nalog.ru/;3732
4733;Физическое лицо;31.07.2012;10.10.2011;207072;_stanat_;https://lknpd.nalog.ru/;3733
4734;Физическое лицо;10.01.2015;17.02.2015;730204;tdoaiC_r;https://lknpd.nalog.ru/;3734
4735;Юридическое лицо;01.04.2013;07.01.2015;72614;tiniedit;https://lknpd.nalog.ru/;3735
4736;Физическое лицо;11.04.2011;18.09.2012;997470;idr_nlie;https://lknpd.nalog.ru/;3736
4737;Физическое лицо;04.09.2017;14.05.2010;304143;nscssads;https://lknpd.nalog.ru/;3737
4738;Физическое лицо;10.09.2016;28.01.2015;327907;a__iplec;https://lknpd.nalog.ru/;3738
4739;Юридическое лицо;05.05.2013;25.01.2013;862757;iee_inle;https://lknpd.nalog.ru/;3739
4740;Юридическое лицо;25.07.2016;12.10.2017;127286;p_drpndC;https://lknpd.nalog.ru/;3740
4741;Физическое лицо;03.05.2016;03.01.2016;663960;irrnniac;https://lknpd.nalog.ru/;3741
4742;Физическое лицо;21.10.2010;07.01.2012;250656;itritlii;https://lknpd.nalog.ru/;3742
4743;Юридическое лицо;23.05.2011;07.09.2017;337916;ttronCCi;https://lknpd.nalog.ru/;3743
4744;Юридическое лицо;09.12.2017;09.08.2012;221585;rnneaasn;https://lknpd.nalog.ru/;3744
4745;Физическое лицо;04.11.2011;26.03.2010;71737;ttn_trlt;https://lknpd.nalog.ru/;3745
4746;Юридическое лицо;20.02.2015;26.12.2013;205301;tltirtcd;https://lknpd.nalog.ru/;3746
4747;Физическое лицо;01.09.2015;25.05.2015;190047;t_olt_et;https://lknpd.nalog.ru/;3747
4748;Физическое лицо;07.03.2014;23.03.2010;766998;treieani;https://lknpd.nalog.ru/;3748
4749;Юридическое лицо;19.06.2017;25.07.2016;380078;drciatea;https://lknpd.nalog.ru/;3749
4750;Юридическое лицо;24.06.2017;03.01.2015;696540;eCtC_ri_;https://lknpd.nalog.ru/;3750
4751;Юридическое лицо;17.06.2012;27.09.2010;717551;taslpial;https://lknpd.nalog.ru/;3751
4752;Юридическое лицо;25.01.2014;29.08.2017;430823;rait_nia;https://lknpd.nalog.ru/;3752
4753;Физическое лицо;30.06.2016;17.07.2012;899589;ediintip;https://lknpd.nalog.ru/;3753
4754;Юридическое лицо;10.08.2015;14.02.2011;855050;ndtsCicc;https://lknpd.nalog.ru/;3754
4755;Юридическое лицо;18.01.2014;28.03.2010;340900;ieiiidCC;https://lknpd.nalog.ru/;3755
4756;Юридическое лицо;20.05.2012;15.12.2011;514147;icrtattd;https://lknpd.nalog.ru/;3756
4757;Физическое лицо;20.03.2010;10.09.2017;39509;ciainr_a;https://lknpd.nalog.ru/;3757
4758;Юридическое лицо;21.04.2017;08.05.2016;515607;tntarnsC;https://lknpd.nalog.ru/;3758
4759;Физическое лицо;18.09.2010;04.06.2014;368259;aricoaci;https://lknpd.nalog.ru/;3759
4760;Физическое лицо;28.11.2013;18.02.2012;654970;aitsi_it;https://lknpd.nalog.ru/;3760
4761;Физическое лицо;23.11.2017;21.07.2013;198340;trsntie_;https://lknpd.nalog.ru/;3761
4762;Юридическое лицо;08.05.2016;26.09.2014;545218;ianni_c_;https://lknpd.nalog.ru/;3762
4763;Физическое лицо;27.09.2010;31.10.2017;11115;cpliserC;https://lknpd.nalog.ru/;3763
4764;Юридическое лицо;04.06.2017;24.03.2015;781331;irt_pili;https://lknpd.nalog.ru/;3764
4765;Физическое лицо;30.10.2012;25.08.2015;904463;i_crre_i;https://lknpd.nalog.ru/;3765
4766;Юридическое лицо;13.07.2016;19.04.2016;421238;saoaCiCt;https://lknpd.nalog.ru/;3766
4767;Физическое лицо;25.05.2016;29.12.2016;649902;ntteenor;https://lknpd.nalog.ru/;3767
4768;Физическое лицо;17.09.2015;09.04.2012;314434;trniteei;https://lknpd.nalog.ru/;3768
4769;Физическое лицо;17.04.2010;05.07.2017;206764;ees_p__p;https://lknpd.nalog.ru/;3769
4770;Юридическое лицо;16.08.2015;28.01.2017;59499;i_p_nete;https://lknpd.nalog.ru/;3770
4771;Юридическое лицо;25.12.2015;11.06.2010;349621;eCtlnrCi;https://lknpd.nalog.ru/;3771
4772;Физическое лицо;22.07.2011;16.04.2012;621772;lcnicale;https://lknpd.nalog.ru/;3772
4773;Юридическое лицо;26.07.2011;02.09.2014;315267;rnaniepn;https://lknpd.nalog.ru/;3773
4774;Физическое лицо;30.05.2013;06.02.2015;892436;_otcltin;https://lknpd.nalog.ru/;3774
4775;Физическое лицо;07.10.2015;14.09.2014;625470;_Ctercnt;https://lknpd.nalog.ru/;3775
4776;Физическое лицо;23.09.2017;29.04.2010;720252;isi_n_pi;https://lknpd.nalog.ru/;3776
4777;Юридическое лицо;07.12.2011;30.08.2012;491753;ndrntC_t;https://lknpd.nalog.ru/;3777
4778;Физическое лицо;03.09.2011;27.05.2010;197208;Cteipana;https://lknpd.nalog.ru/;3778
4779;Юридическое лицо;13.01.2016;23.04.2016;458466;ics_ttta;https://lknpd.nalog.ru/;3779
4780;Юридическое лицо;07.01.2017;26.05.2011;229318;aolrlneo;https://lknpd.nalog.ru/;3780
4781;Юридическое лицо;01.09.2016;08.01.2011;190382;intniinr;https://lknpd.nalog.ru/;3781
4782;Физическое лицо;10.03.2014;02.01.2013;673829;neeeteae;https://lknpd.nalog.ru/;3782
4783;Юридическое лицо;24.01.2011;18.10.2011;561074;litr_ooe;https://lknpd.nalog.ru/;3783
4784;Физическое лицо;18.03.2010;18.07.2014;574083;ettedlii;https://lknpd.nalog.ru/;3784
4785;Физическое лицо;23.01.2017;08.04.2011;448327;ditoetop;https://lknpd.nalog.ru/;3785
4786;Физическое лицо;29.09.2010;14.12.2010;273287;nniodedr;https://lknpd.nalog.ru/;3786
4787;Юридическое лицо;21.02.2013;08.09.2015;892828;tnrreass;https://lknpd.nalog.ru/;3787
4788;Физическое лицо;28.01.2016;17.10.2012;438443;tieitint;https://lknpd.nalog.ru/;3788
4789;Юридическое лицо;24.05.2014;08.12.2016;526389;lotnilne;https://lknpd.nalog.ru/;3789
4790;Юридическое лицо;11.02.2017;07.04.2010;275672;ato_nctc;https://lknpd.nalog.ru/;3790
4791;Физическое лицо;18.07.2012;09.07.2012;425954;ttidctis;https://lknpd.nalog.ru/;3791
4792;Юридическое лицо;26.05.2015;06.03.2017;468212;dttiatte;https://lknpd.nalog.ru/;3792
4793;Физическое лицо;10.12.2011;25.07.2017;799631;tiee_etn;https://lknpd.nalog.ru/;3793
4794;Юридическое лицо;02.02.2011;24.12.2010;618302;osn_aira;https://lknpd.nalog.ru/;3794
4795;Физическое лицо;21.07.2017;28.10.2012;161004;titpieae;https://lknpd.nalog.ru/;3795
4796;Юридическое лицо;19.12.2014;23.09.2016;224242;__senrca;https://lknpd.nalog.ru/;3796
4797;Физическое лицо;26.12.2014;05.09.2012;897995;tatndcpC;https://lknpd.nalog.ru/;3797
4798;Юридическое лицо;11.06.2012;15.02.2015;473845;opcspnci;https://lknpd.nalog.ru/;3798
4799;Физическое лицо;16.06.2014;17.02.2013;392473;Croeniri;https://lknpd.nalog.ru/;3799
4800;Юридическое лицо;22.07.2015;25.06.2010;385550;eeito_tt;https://lknpd.nalog.ru/;3800
4801;Юридическое лицо;24.10.2014;24.10.2011;96933;oarin_Ct;https://lknpd.nalog.ru/;3801
4802;Физическое лицо;18.12.2010;27.09.2010;78444;crdottio;https://lknpd.nalog.ru/;3802
4803;Юридическое лицо;12.07.2015;22.12.2011;224424;Coett_ii;https://lknpd.nalog.ru/;3803
4804;Физическое лицо;13.12.2011;17.06.2015;202439;nCs_iact;https://lknpd.nalog.ru/;3804
4805;Физическое лицо;12.09.2012;29.06.2010;958031;srticiee;https://lknpd.nalog.ru/;3805
4806;Физическое лицо;03.06.2014;04.11.2011;809850;eopralrl;https://lknpd.nalog.ru/;3806
4807;Юридическое лицо;19.01.2011;16.11.2017;336119;ssipntcC;https://lknpd.nalog.ru/;3807
4808;Физическое лицо;02.12.2016;13.09.2010;199631;ptip_eel;https://lknpd.nalog.ru/;3808
4809;Физическое лицо;05.12.2011;03.04.2014;219629;citnnei_;https://lknpd.nalog.ru/;3809
4810;Юридическое лицо;10.08.2016;22.06.2010;515531;ttrirctc;https://lknpd.nalog.ru/;3810
4811;Физическое лицо;21.04.2017;18.05.2017;997638;pCie_raC;https://lknpd.nalog.ru/;3811
4812;Физическое лицо;07.04.2013;24.03.2017;129383;diaatsta;https://lknpd.nalog.ru/;3812
4813;Юридическое лицо;11.10.2017;18.08.2014;937455;rniCnrct;https://lknpd.nalog.ru/;3813
4814;Юридическое лицо;20.04.2013;28.08.2016;90815;nCtipdii;https://lknpd.nalog.ru/;3814
4815;Физическое лицо;29.07.2012;03.01.2015;335505;Cnaaetii;https://lknpd.nalog.ru/;3815
4816;Физическое лицо;02.10.2017;31.01.2010;174617;ntCtsstc;https://lknpd.nalog.ru/;3816
4817;Физическое лицо;15.07.2013;22.02.2013;875239;nsetiCnc;https://lknpd.nalog.ru/;3817
4818;Юридическое лицо;14.04.2010;09.06.2010;307003;CtcciCtn;https://lknpd.nalog.ru/;3818
4819;Физическое лицо;19.02.2017;17.04.2017;848320;_Cpnoir_;https://lknpd.nalog.ru/;3819
4820;Юридическое лицо;03.03.2017;16.04.2014;402045;rtenc_ca;https://lknpd.nalog.ru/;3820
4821;Юридическое лицо;24.06.2016;03.05.2013;145348;teCaniit;https://lknpd.nalog.ru/;3821
4822;Юридическое лицо;01.05.2015;31.10.2013;889498;ticpttit;https://lknpd.nalog.ru/;3822
4823;Юридическое лицо;13.04.2013;09.10.2016;172370;rniitntn;https://lknpd.nalog.ru/;3823
4824;Физическое лицо;18.04.2016;17.11.2016;465292;tnetdnri;https://lknpd.nalog.ru/;3824
4825;Юридическое лицо;21.11.2013;25.09.2012;99406;ic_nCalr;https://lknpd.nalog.ru/;3825
4826;Юридическое лицо;25.03.2014;18.11.2010;845927;nitlitte;https://lknpd.nalog.ru/;3826
4827;Юридическое лицо;12.04.2017;21.12.2015;97270;tdasrepr;https://lknpd.nalog.ru/;3827
4828;Физическое лицо;30.11.2013;21.11.2014;558022;tCdett_d;https://lknpd.nalog.ru/;3828
4829;Физическое лицо;19.01.2011;13.11.2010;468919;pCnctpia;https://lknpd.nalog.ru/;3829
4830;Юридическое лицо;06.10.2010;11.08.2011;44273;repana_n;https://lknpd.nalog.ru/;3830
4831;Юридическое лицо;02.06.2015;04.06.2011;831578;rdntatre;https://lknpd.nalog.ru/;3831
4832;Физическое лицо;21.10.2010;07.05.2015;617066;inirslis;https://lknpd.nalog.ru/;3832
4833;Юридическое лицо;28.03.2015;08.04.2017;755901;ctitrctl;https://lknpd.nalog.ru/;3833
4834;Физическое лицо;15.09.2010;19.01.2012;40994;_tsiioce;https://lknpd.nalog.ru/;3834
4835;Юридическое лицо;24.12.2011;28.08.2017;518418;dtnCaaan;https://lknpd.nalog.ru/;3835
4836;Юридическое лицо;29.09.2017;14.04.2011;775539;anlacica;https://lknpd.nalog.ru/;3836
4837;Юридическое лицо;27.09.2011;21.06.2011;873499;iedtrt_a;https://lknpd.nalog.ru/;3837
4838;Физическое лицо;03.11.2013;28.03.2010;159147;iiCtn_ot;https://lknpd.nalog.ru/;3838
4839;Юридическое лицо;28.03.2013;18.03.2011;1114;_rioectc;https://lknpd.nalog.ru/;3839
4840;Юридическое лицо;11.07.2015;23.09.2013;65974;rtcostse;https://lknpd.nalog.ru/;3840
4841;Юридическое лицо;31.10.2011;01.01.2015;36617;nrrnCec_;https://lknpd.nalog.ru/;3841
4842;Юридическое лицо;14.12.2013;14.03.2014;816521;iecnCest;https://lknpd.nalog.ru/;3842
4843;Физическое лицо;26.06.2011;09.08.2010;838811;enanenis;https://lknpd.nalog.ru/;3843
4844;Физическое лицо;01.12.2010;19.09.2011;373442;itsancit;https://lknpd.nalog.ru/;3844
4845;Физическое лицо;17.10.2012;25.05.2011;902545;drontaer;https://lknpd.nalog.ru/;3845
4846;Юридическое лицо;27.10.2014;20.12.2017;103749;ai_trtot;https://lknpd.nalog.ru/;3846
4847;Юридическое лицо;27.12.2016;18.05.2012;572095;C_iiicdd;https://lknpd.nalog.ru/;3847
4848;Юридическое лицо;15.09.2012;11.04.2012;638677;intcCn_p;https://lknpd.nalog.ru/;3848
4849;Физическое лицо;30.11.2013;08.03.2010;961576;dtcdptio;https://lknpd.nalog.ru/;3849
4850;Физическое лицо;25.03.2014;30.07.2017;612448;nnidecst;https://lknpd.nalog.ru/;3850
4851;Физическое лицо;17.01.2010;22.01.2015;238626;_t_rtda_;https://lknpd.nalog.ru/;3851
4852;Физическое лицо;03.09.2015;09.06.2016;311203;_ierniC_;https://lknpd.nalog.ru/;3852
4853;Юридическое лицо;21.06.2016;22.11.2014;177638;eie_rrea;https://lknpd.nalog.ru/;3853
4854;Юридическое лицо;15.12.2011;21.01.2011;513332;lttppr_c;https://lknpd.nalog.ru/;3854
4855;Юридическое лицо;03.12.2012;08.03.2011;138757;_ariln_i;https://lknpd.nalog.ru/;3855
4856;Физическое лицо;07.08.2016;30.03.2011;52459;ateaiecr;https://lknpd.nalog.ru/;3856
4857;Юридическое лицо;30.09.2015;22.01.2015;878919;ceitiete;https://lknpd.nalog.ru/;3857
4858;Юридическое лицо;11.10.2017;08.06.2014;884343;Crnrcoet;https://lknpd.nalog.ru/;3858
4859;Физическое лицо;28.11.2017;11.04.2011;851164;iC_splte;https://lknpd.nalog.ru/;3859
4860;Физическое лицо;09.04.2014;15.09.2017;688922;_irdntcn;https://lknpd.nalog.ru/;3860
4861;Физическое лицо;06.01.2017;19.03.2010;898487;Cnnanst_;https://lknpd.nalog.ru/;3861
4862;Юридическое лицо;27.06.2011;30.09.2013;288774;etittnrn;https://lknpd.nalog.ru/;3862
4863;Физическое лицо;16.04.2011;15.11.2011;498465;aiinnilr;https://lknpd.nalog.ru/;3863
4864;Физическое лицо;16.06.2017;14.11.2010;415232;initer_i;https://lknpd.nalog.ru/;3864
4865;Физическое лицо;28.07.2011;18.11.2017;964918;ttnr_nts;https://lknpd.nalog.ru/;3865
4866;Юридическое лицо;08.11.2014;08.01.2013;603397;arttdien;https://lknpd.nalog.ru/;3866
4867;Физическое лицо;03.05.2013;02.07.2011;262850;tetiCtin;https://lknpd.nalog.ru/;3867
4868;Юридическое лицо;14.12.2012;06.10.2015;247319;tiai_iii;https://lknpd.nalog.ru/;3868
4869;Физическое лицо;06.09.2016;08.08.2017;342922;roittt_d;https://lknpd.nalog.ru/;3869
4870;Юридическое лицо;01.09.2011;16.04.2010;96581;ctas_lnd;https://lknpd.nalog.ru/;3870
4871;Физическое лицо;02.05.2014;11.09.2010;151705;tco_darr;https://lknpd.nalog.ru/;3871
4872;Юридическое лицо;13.07.2013;02.06.2011;725530;ettrleel;https://lknpd.nalog.ru/;3872
4873;Физическое лицо;22.08.2011;26.11.2014;723967;rrieiiti;https://lknpd.nalog.ru/;3873
4874;Юридическое лицо;15.09.2011;01.08.2013;756426;t_aitnre;https://lknpd.nalog.ru/;3874
4875;Физическое лицо;26.07.2014;27.12.2011;13235;oCCCteti;https://lknpd.nalog.ru/;3875
4876;Юридическое лицо;21.12.2017;11.11.2010;867745;ieto_orn;https://lknpd.nalog.ru/;3876
4877;Физическое лицо;18.09.2017;25.04.2017;366902;le_rnsnt;https://lknpd.nalog.ru/;3877
4878;Юридическое лицо;01.10.2010;07.12.2016;868881;CCc_rCir;https://lknpd.nalog.ru/;3878
4879;Физическое лицо;24.04.2016;27.11.2011;802093;enroretn;https://lknpd.nalog.ru/;3879
4880;Физическое лицо;24.01.2011;16.02.2013;372512;ncrCCe_n;https://lknpd.nalog.ru/;3880
4881;Юридическое лицо;15.03.2010;17.05.2010;488585;rtnpicii;https://lknpd.nalog.ru/;3881
4882;Юридическое лицо;31.07.2014;17.05.2016;845872;isa_tcii;https://lknpd.nalog.ru/;3882
4883;Физическое лицо;08.11.2015;23.12.2016;94996;iecltCta;https://lknpd.nalog.ru/;3883
4884;Физическое лицо;02.08.2011;02.04.2011;72168;it_i_ntn;https://lknpd.nalog.ru/;3884
4885;Физическое лицо;15.05.2014;08.08.2013;904508;crttinnl;https://lknpd.nalog.ru/;3885
4886;Юридическое лицо;25.12.2014;08.12.2017;303426;n_iitnCl;https://lknpd.nalog.ru/;3886
4887;Физическое лицо;22.06.2011;30.09.2011;856365;lciornen;https://lknpd.nalog.ru/;3887
4888;Физическое лицо;23.04.2016;03.04.2016;635965;iiiiecct;https://lknpd.nalog.ru/;3888
4889;Юридическое лицо;04.07.2017;15.07.2016;919418;inelisic;https://lknpd.nalog.ru/;3889
4890;Физическое лицо;25.09.2013;25.08.2013;389800;ttpaiiae;https://lknpd.nalog.ru/;3890
4891;Юридическое лицо;14.06.2011;25.09.2014;453933;_ts_icei;https://lknpd.nalog.ru/;3891
4892;Физическое лицо;11.01.2016;06.03.2017;523190;i_pnpt_i;https://lknpd.nalog.ru/;3892
4893;Юридическое лицо;21.11.2016;18.09.2010;467946;cdlsicre;https://lknpd.nalog.ru/;3893
4894;Юридическое лицо;13.08.2014;16.07.2013;363598;ceiaci_o;https://lknpd.nalog.ru/;3894
4895;Физическое лицо;24.01.2010;23.06.2014;924385;tistdlCe;https://lknpd.nalog.ru/;3895
4896;Физическое лицо;10.07.2011;18.01.2013;186298;intitoad;https://lknpd.nalog.ru/;3896
4897;Физическое лицо;23.10.2011;26.08.2013;505233;tcansiCi;https://lknpd.nalog.ru/;3897
4898;Физическое лицо;30.05.2015;24.08.2013;421903;roniinct;https://lknpd.nalog.ru/;3898
4899;Юридическое лицо;08.08.2011;01.07.2017;488972;etncicc_;https://lknpd.nalog.ru/;3899
4900;Физическое лицо;25.07.2013;24.11.2012;524032;scannaac;https://lknpd.nalog.ru/;3900
4901;Физическое лицо;15.07.2011;22.11.2012;647551;nttrtcCa;https://lknpd.nalog.ru/;3901
4902;Юридическое лицо;24.11.2015;31.12.2011;778399;tetasita;https://lknpd.nalog.ru/;3902
4903;Физическое лицо;03.05.2014;03.05.2016;319142;_aianinl;https://lknpd.nalog.ru/;3903
4904;Физическое лицо;11.12.2010;05.10.2011;584548;estiicas;https://lknpd.nalog.ru/;3904
4905;Юридическое лицо;10.05.2011;18.12.2013;62927;tai_icit;https://lknpd.nalog.ru/;3905
4906;Физическое лицо;10.11.2017;16.08.2016;991497;s_ltttrp;https://lknpd.nalog.ru/;3906
4907;Физическое лицо;23.07.2010;10.07.2013;552163;oesntcli;https://lknpd.nalog.ru/;3907
4908;Физическое лицо;10.06.2010;30.08.2014;518541;ttpCcnii;https://lknpd.nalog.ru/;3908
4909;Физическое лицо;18.07.2016;24.05.2016;611777;rttoaltt;https://lknpd.nalog.ru/;3909
4910;Юридическое лицо;30.01.2017;23.07.2013;542459;cntet_ci;https://lknpd.nalog.ru/;3910
4911;Юридическое лицо;17.07.2010;02.08.2013;556748;eadeniit;https://lknpd.nalog.ru/;3911
4912;Физическое лицо;30.10.2012;20.08.2012;782373;socepCto;https://lknpd.nalog.ru/;3912
4913;Физическое лицо;24.05.2010;20.09.2013;237519;it_dnost;https://lknpd.nalog.ru/;3913
4914;Юридическое лицо;05.05.2011;31.10.2014;663523;e_onotie;https://lknpd.nalog.ru/;3914
4915;Физическое лицо;28.07.2010;21.01.2015;448682;oncasnnd;https://lknpd.nalog.ru/;3915
4916;Физическое лицо;24.11.2012;18.09.2014;591191;e_nn_tre;https://lknpd.nalog.ru/;3916
4917;Юридическое лицо;06.03.2010;21.06.2017;607207;noC_toen;https://lknpd.nalog.ru/;3917
4918;Юридическое лицо;31.05.2016;23.06.2010;416030;t_anccCt;https://lknpd.nalog.ru/;3918
4919;Юридическое лицо;04.12.2016;21.06.2010;856443;pianaCse;https://lknpd.nalog.ru/;3919
4920;Физическое лицо;05.06.2015;05.12.2015;622059;siittlCo;https://lknpd.nalog.ru/;3920
4921;Юридическое лицо;06.03.2011;05.03.2017;2152;tncednis;https://lknpd.nalog.ru/;3921
4922;Юридическое лицо;04.02.2010;07.07.2016;18547;teari__i;https://lknpd.nalog.ru/;3922
4923;Физическое лицо;22.11.2013;09.05.2010;936831;east_tit;https://lknpd.nalog.ru/;3923
4924;Юридическое лицо;14.03.2011;22.04.2013;967079;nnteiint;https://lknpd.nalog.ru/;3924
4925;Юридическое лицо;04.09.2010;15.05.2012;458549;iinriora;https://lknpd.nalog.ru/;3925
4926;Физическое лицо;25.02.2012;29.12.2010;424993;_pnaeein;https://lknpd.nalog.ru/;3926
4927;Юридическое лицо;30.09.2011;28.03.2011;640589;nntc_trr;https://lknpd.nalog.ru/;3927
4928;Физическое лицо;27.12.2016;19.11.2013;336515;__rlsnos;https://lknpd.nalog.ru/;3928
4929;Юридическое лицо;14.12.2015;30.07.2012;158098;itnorcie;https://lknpd.nalog.ru/;3929
4930;Физическое лицо;16.05.2012;06.12.2013;152762;iaitCpt_;https://lknpd.nalog.ru/;3930
4931;Юридическое лицо;08.10.2014;27.08.2011;228033;rciitatr;https://lknpd.nalog.ru/;3931
4932;Физическое лицо;02.08.2011;10.09.2010;511926;sCnctipi;https://lknpd.nalog.ru/;3932
4933;Юридическое лицо;17.04.2012;04.05.2013;68633;dnt_rene;https://lknpd.nalog.ru/;3933
4934;Физическое лицо;15.07.2010;13.05.2015;360852;naroeeac;https://lknpd.nalog.ru/;3934
4935;Физическое лицо;30.03.2013;20.02.2012;34674;Ci_e_nii;https://lknpd.nalog.ru/;3935
4936;Юридическое лицо;06.10.2015;04.10.2014;49278;tCenaCin;https://lknpd.nalog.ru/;3936
4937;Юридическое лицо;22.12.2010;06.03.2012;834750;saraatei;https://lknpd.nalog.ru/;3937
4938;Физическое лицо;04.06.2016;28.04.2015;177984;rardtlee;https://lknpd.nalog.ru/;3938
4939;Физическое лицо;15.06.2015;20.03.2015;486842;lCictcpn;https://lknpd.nalog.ru/;3939
4940;Юридическое лицо;22.04.2012;12.02.2015;232082;_leai_ea;https://lknpd.nalog.ru/;3940
4941;Физическое лицо;12.04.2017;18.08.2016;918420;penaciop;https://lknpd.nalog.ru/;3941
4942;Физическое лицо;26.10.2017;02.11.2015;280734;_odinico;https://lknpd.nalog.ru/;3942
4943;Физическое лицо;04.09.2015;03.06.2017;367312;illtsdtn;https://lknpd.nalog.ru/;3943
4944;Юридическое лицо;01.01.2010;19.10.2010;274508;titroete;https://lknpd.nalog.ru/;3944
4945;Юридическое лицо;28.06.2014;23.03.2012;989627;nsnlitrt;https://lknpd.nalog.ru/;3945
4946;Юридическое лицо;03.07.2012;10.12.2012;721654;ai_ttlin;https://lknpd.nalog.ru/;3946
4947;Юридическое лицо;13.03.2010;15.04.2017;330932;aitainic;https://lknpd.nalog.ru/;3947
4948;Юридическое лицо;15.08.2011;01.11.2010;774520;cCanriee;https://lknpd.nalog.ru/;3948
4949;Юридическое лицо;20.11.2011;30.06.2010;566987;nCreiaCn;https://lknpd.nalog.ru/;3949
4950;Физическое лицо;03.04.2016;31.08.2012;7394;nrrtlicc;https://lknpd.nalog.ru/;3950
4951;Юридическое лицо;16.04.2013;06.05.2015;670242;tda_r_se;https://lknpd.nalog.ru/;3951
4952;Физическое лицо;13.12.2013;04.04.2010;416990;ittipstd;https://lknpd.nalog.ru/;3952
4953;Физическое лицо;01.10.2012;20.12.2016;908374;p_ptetin;https://lknpd.nalog.ru/;3953
4954;Физическое лицо;10.11.2014;15.01.2015;426837;tdse_t_e;https://lknpd.nalog.ru/;3954
4955;Физическое лицо;29.03.2017;14.02.2014;331104;Cdiindti;https://lknpd.nalog.ru/;3955
4956;Физическое лицо;09.10.2015;03.02.2014;926835;__siitCt;https://lknpd.nalog.ru/;3956
4957;Физическое лицо;12.05.2014;08.03.2015;151544;tnierin_;https://lknpd.nalog.ru/;3957
4958;Юридическое лицо;04.02.2012;05.02.2014;629212;ntiattin;https://lknpd.nalog.ru/;3958
4959;Физическое лицо;01.05.2016;25.02.2010;178325;eaCnretn;https://lknpd.nalog.ru/;3959
4960;Физическое лицо;11.11.2017;18.05.2013;272133;plrnitii;https://lknpd.nalog.ru/;3960
4961;Физическое лицо;02.01.2016;30.08.2014;704761;tncr_ori;https://lknpd.nalog.ru/;3961
4962;Физическое лицо;27.09.2013;13.11.2013;452226;r_lnc_oe;https://lknpd.nalog.ru/;3962
4963;Физическое лицо;05.11.2014;18.12.2017;511284;rnteiioi;https://lknpd.nalog.ru/;3963
4964;Юридическое лицо;03.01.2015;20.02.2017;117251;cpao_occ;https://lknpd.nalog.ru/;3964
4965;Юридическое лицо;16.12.2010;10.12.2010;887423;ceeia_td;https://lknpd.nalog.ru/;3965
4966;Физическое лицо;01.08.2011;20.05.2012;189;laasa_nt;https://lknpd.nalog.ru/;3966
4967;Юридическое лицо;22.01.2011;03.02.2014;829553;reaee_aa;https://lknpd.nalog.ru/;3967
4968;Физическое лицо;28.12.2011;31.05.2012;525973;io_iiiet;https://lknpd.nalog.ru/;3968
4969;Физическое лицо;03.07.2010;19.07.2017;820683;oiin_iii;https://lknpd.nalog.ru/;3969
4970;Физическое лицо;25.05.2015;03.09.2017;972138;tnlane_n;https://lknpd.nalog.ru/;3970
4971;Физическое лицо;04.04.2013;24.01.2017;848523;at_ri_tt;https://lknpd.nalog.ru/;3971
4972;Физическое лицо;02.08.2015;25.03.2012;914618;oeecdiat;https://lknpd.nalog.ru/;3972
4973;Физическое лицо;03.12.2011;09.01.2010;568079;tcslniit;https://lknpd.nalog.ru/;3973
4974;Физическое лицо;19.12.2012;10.10.2015;239957;ctnCrncC;https://lknpd.nalog.ru/;3974
4975;Физическое лицо;19.09.2015;02.06.2015;765035;anrcatlt;https://lknpd.nalog.ru/;3975
4976;Юридическое лицо;31.07.2010;14.08.2015;255170;nt_tecdl;https://lknpd.nalog.ru/;3976
4977;Физическое лицо;30.06.2014;20.11.2013;526158;tce_tCtC;https://lknpd.nalog.ru/;3977
4978;Физическое лицо;29.01.2010;17.09.2010;676512;ccnCC_td;https://lknpd.nalog.ru/;3978
4979;Юридическое лицо;21.09.2014;05.09.2015;772996;n_risni_;https://lknpd.nalog.ru/;3979
4980;Физическое лицо;01.10.2015;12.08.2015;528405;i_ei_tdo;https://lknpd.nalog.ru/;3980
4981;Физическое лицо;04.07.2011;03.09.2016;65096;datadsiC;https://lknpd.nalog.ru/;3981
4982;Физическое лицо;03.07.2014;07.07.2016;233768;tciatCrr;https://lknpd.nalog.ru/;3982
4983;Физическое лицо;22.07.2016;19.05.2010;829012;niiicpca;https://lknpd.nalog.ru/;3983
4984;Физическое лицо;18.11.2011;29.03.2015;427009;dencte_e;https://lknpd.nalog.ru/;3984
4985;Юридическое лицо;25.03.2014;02.12.2015;419332;cc_enaer;https://lknpd.nalog.ru/;3985
4986;Физическое лицо;13.01.2012;22.03.2017;270917;icliinsc;https://lknpd.nalog.ru/;3986
4987;Юридическое лицо;01.07.2013;19.01.2010;668005;ndtoeepn;https://lknpd.nalog.ru/;3987
4988;Физическое лицо;01.10.2013;14.07.2011;308711;ie_isaon;https://lknpd.nalog.ru/;3988
4989;Физическое лицо;16.12.2011;25.02.2011;828182;raritia_;https://lknpd.nalog.ru/;3989
4990;Физическое лицо;11.06.2014;11.11.2014;132501;iicdta_p;https://lknpd.nalog.ru/;3990
4991;Физическое лицо;29.10.2015;24.03.2011;68845;npntnpa_;https://lknpd.nalog.ru/;3991
4992;Юридическое лицо;22.02.2014;11.07.2011;399401;stpiaaei;https://lknpd.nalog.ru/;3992
4993;Физическое лицо;18.12.2011;26.11.2011;926474;_tissiin;https://lknpd.nalog.ru/;3993
4994;Юридическое лицо;08.07.2011;19.06.2013;976543;a_itdins;https://lknpd.nalog.ru/;3994
4995;Юридическое лицо;30.10.2011;07.06.2012;369974;ic_tcnca;https://lknpd.nalog.ru/;3995
4996;Физическое лицо;03.11.2015;30.03.2016;246259;_recdnna;https://lknpd.nalog.ru/;3996
4997;Физическое лицо;12.07.2015;12.09.2013;385166;n_itc_ee;https://lknpd.nalog.ru/;3997
4998;Физическое лицо;12.01.2011;23.01.2011;852662;t_ntiipe;https://lknpd.nalog.ru/;3998
4999;Юридическое лицо;12.10.2015;16.03.2014;235026;tepttetp;https://lknpd.nalog.ru/;3999
5000;Физическое лицо;15.08.2015;22.09.2012;420880;npicdonn;https://lknpd.nalog.ru/;4000
