idClient;Full_name;Place_of_residence;Place_of_work;Date_of_Birth
1001;Егор Бирюков;Магнитогорск, Володарского ул., д.84;Астрахань, Гоголя ул., д.2;1990-11-11
1002;Степан Воронов;Махачкала, Новоселов ул., д.79;Архангельск, Красная ул., д.67;1998-07-29
1003;Глеб Наумов;Бердск, Первомайская ул., д.18;Жуковский, Озерная ул., д.11;2000-04-13
1004;Егор Игнатов;Благовещенск, Трактовая ул., д.94;Оренбург, Трудовая ул., д.40;1994-02-28
1005;Олег Овчинников;Тольятти, Шоссейная ул., д.34;Подольск, Пионерская ул., д.34;1992-11-04
1006;Никита Титов;Новороссийск, Шоссейная ул., д.58;Курган, Фестивальная ул., д.36;1991-12-02
1007;Матвей Лебедев;Казань, Зеленый пер., д.95;Арзамас, Карла Маркса ул., д.18;1992-02-17
1008;Сергей Миронов;Норильск, 1-Мая ул., д.13;Домодедово, Больничная ул., д.60;1995-10-09
1009;Семен Савин;Серпухов, Майская ул., д.24;Ставрополь, Песочная ул., д.23;1993-05-02
1010;Андрей Гришин;Тамбов, Школьный пер., д.49;Обнинск, Пионерский пер., д.55;1999-03-29
1011;Тимофей Тимофеев;Королёв, Гражданская ул., д.33;Нефтекамск, Первомайский пер., д.52;1990-07-16
1012;Денис Климов;Красноярск, Дачная ул., д.44;Орехово-Зуево, Колхозная ул., д.20;1997-02-23
1013;Мирон Никулин;Арзамас, Горького ул., д.1;Ногинск, Есенина ул., д.98;1991-02-15
1014;Елисей Марков;Смоленск, Крупской ул., д.67;Владивосток, Колхозный пер., д.3;1991-11-04
1015;Максим Макаров;Благовещенск, Нагорная ул., д.1;Ессентуки, Нагорная ул., д.45;1991-07-27
1016;Игорь Логинов;Раменское, Песочная ул., д.67;Северск, Октябрьская ул., д.67;1994-04-28
1017;Сергей Никифоров;Архангельск, Народная ул., д.81;Каменск - Уральский, Куйбышева ул., д.57;1990-07-27
1018;Елисей Крылов;Новороссийск, Дорожная ул., д.17;Химки, Крупской ул., д.91;1990-05-09
1019;Павел Петров;Нижний Тагил, Тимирязева ул., д.83;Сергиев Посад, Кутузова ул., д.52;1997-04-01
1020;Николай Логинов;Хасавюрт, Пролетарская ул., д.87;Воронеж, Строителей ул., д.20;1998-05-16
1021;Вадим Белов;Энгельс, Крупской ул., д.20;Хабаровск, Таежная ул., д.16;1994-11-14
1022;Тимур Мальцев;Хасавюрт, Энтузиастов ул., д.74;Мытищи, Сосновая ул., д.95;1996-11-08
1023;Степан Фомин;Элиста, Дзержинского ул., д.61;Люберцы, Дачная ул., д.25;1999-04-13
1024;Савелий Краснов;Комсомольск-на-Амуре, Станционная ул., д.89;Сыктывкар, Советская ул., д.49;1996-05-30
1025;Олег Лазарев;Красноярск, Фабричная ул., д.3;Рубцовск, Нагорная ул., д.88;1991-02-15
1026;Александр Гончаров;Тамбов, Степная ул., д.5;Ульяновск, Восточная ул., д.96;1995-09-28
1027;Роман Исаев;Волгоград, Титова ул., д.10;Симферополь, Зеленый пер., д.2;1998-06-05
1028;Иван Кузьмин;Раменское, Ломоносова ул., д.7;Новочеркасск, Рабочий пер., д.95;1992-04-26
1029;Виталий Дроздов;Октябрьский, Дружбы ул., д.60;Норильск, Чкалова ул., д.96;1993-02-15
1030;Антон Гусев;Ульяновск, Шоссейная ул., д.91;Кисловодск, Березовая ул., д.56;1990-04-26
1031;Роман Зотов;Великий Новгород, Гайдара ул., д.33;Ставрополь, Березовая ул., д.24;1993-09-14
1032;Антон Павлов;Барнаул, Почтовый пер., д.20;Ростов-на-Дону, Степная ул., д.1;1995-03-24
1033;Андрей Козлов;Владикавказ, Мостовая ул., д.15;Пермь, Крылова ул., д.94;1998-11-29
1034;Владимир Исмаилов;Ачинск, Парковая ул., д.1;Новосибирск, Целинная ул., д.18;1998-02-28
1035;Иван Рыбаков;Нефтеюганск, Комарова ул., д.20;Бердск, Заводская ул., д.77;1996-04-21
1036;Степан Цветков;Керчь, Совхозная ул., д.82;Новомосковск, лет Октября ул., д.69;1999-10-05
1037;Александр Демидов;Новокуйбышевск, Береговая ул., д.46;Чита, Родниковая ул., д.24;1995-01-20
1038;Богдан Харитонов;Набережные Челны, Уральская ул., д.66;Нефтекамск, Гоголя ул., д.27;1994-04-01
1039;Макар Яковлев;Калининград, Майская ул., д.19;Хабаровск, Дружбы ул., д.63;1991-04-05
1040;Никита Игнатов;Симферополь, Озерная ул., д.69;Нижнекамск, Ломоносова ул., д.56;1991-01-06
1041;Данил Савельев;Волжский, Дальняя ул., д.81;Пенза, Ворошилова ул., д.97;1996-09-16
1042;Олег Литвинов;Красногорск, Солнечная ул., д.4;Северск, Щорса ул., д.80;1999-10-16
1043;Марк Пономарев;Раменское, Звездная ул., д.45;Березники, Тимирязева ул., д.85;2000-11-09
1044;Константин Савельев;Одинцово, Северная ул., д.49;Майкоп, Луначарского ул., д.76;1996-04-13
1045;Глеб Елисеев;Владикавказ, Речная ул., д.13;Миасс, Южный пер., д.98;1991-06-03
1046;Александр Власов;Петрозаводск, Тельмана ул., д.40;Красноярск, Комарова ул., д.99;1997-11-07
1047;Вячеслав Архипов;Череповец, Октябрьский пер., д.14;Артем, Подгорная ул., д.74;1996-11-04
1048;Савелий Новиков;Пятигорск, Базарная ул., д.81;Курган, Сибирская ул., д.39;1996-07-23
1049;Ярослав Исаев;Тула, Набережная ул., д.44;Новошахтинск, Карла Маркса ул., д.17;1995-08-26
1050;Вячеслав Фролов;Ноябрьск, Новоселов ул., д.79;Первоуральск, Береговая ул., д.32;1994-09-20
1051;Захар Осипов;Сергиев Посад, Чапаева ул., д.86;Таганрог, Октябрьская ул., д.19;1991-04-21
1052;Ярослав Моисеев;Энгельс, Горького ул., д.43;Сочи, Крылова ул., д.14;1994-10-04
1053;Степан Гусев;Орск, Светлая ул., д.51;Курск, Крупской ул., д.94;1993-02-05
1054;Владимир Моисеев;Армавир, Солнечный пер., д.89;Елец, Садовая ул., д.70;1995-12-31
1055;Иван Попов;Барнаул, Кирова ул., д.60;Череповец, Мирная ул., д.45;1998-05-09
1056;Антон Тимофеев;Орск, Космонавтов ул., д.73;Братск, Новая ул., д.12;1998-09-13
1057;Тимофей Михеев;Элиста, Чайковского ул., д.79;Щёлково, Ватутина ул., д.15;1996-09-23
1058;Евгений Савин;Хасавюрт, Кирова ул., д.8;Калининград, Заводская ул., д.2;1996-06-22
1059;Александр Кузьмин;Барнаул, Школьный пер., д.64;Арзамас, Парковая ул., д.99;1998-07-27
1060;Сергей Фокин;Пушкино, Гоголя ул., д.51;Курск, Сосновая ул., д.97;1995-11-10
1061;Владимир Кондратьев;Калининград, Набережная ул., д.60;Воронеж, Островского ул., д.3;1992-07-31
1062;Олег Захаров;Липецк, Звездная ул., д.82;Ульяновск, Южный пер., д.84;1994-09-23
1063;Елисей Еремин;Арзамас, Победы ул., д.95;Нальчик, Шевченко ул., д.72;1994-02-26
1064;Савелий Овчинников;Волгоград, Свердлова ул., д.88;Энгельс, Дальняя ул., д.26;1996-10-27
1065;Виктор Князев;Первоуральск, Советская ул., д.49;Кызыл, Гайдара ул., д.53;1996-04-19
1066;Лев Медведев;Пушкино, Клубная ул., д.30;Ачинск, Гайдара ул., д.43;1999-06-29
1067;Никита Миронов;Балаково, Гайдара ул., д.69;Барнаул, Речная ул., д.35;2000-11-04
1068;Егор Мельников;Миасс, Фабричная ул., д.60;Муром, Белинского ул., д.3;1993-07-20
1069;Михаил Демидов;Мурманск, Южный пер., д.97;Владикавказ, Таежная ул., д.87;1991-06-16
1070;Андрей Жданов;Ростов-на-Дону, Советская ул., д.24;Калининград, Родниковая ул., д.90;1994-10-04
1071;Вячеслав Цветков;Тула, Комарова ул., д.3;Волжский, Победы ул., д.10;1998-08-10
1072;Захар Назаров;Таганрог, Социалистическая ул., д.48;Чита, Нагорная ул., д.71;1997-05-06
1073;Максим Чернышев;Псков, Профсоюзная ул., д.43;Домодедово, Куйбышева ул., д.34;1991-07-28
1074;Семен Сафонов;Махачкала, Молодежная ул., д.4;Сургут, Родниковая ул., д.84;1995-08-21
1075;Владимир Александров;Ярославль, Интернациональная ул., д.14;Братск, Кирпичная ул., д.63;1995-01-15
1076;Виктор Евдокимов;Бердск, Энергетиков ул., д.13;Прокопьевск, Больничный пер., д.22;1991-08-07
1077;Антон Галкин;Владимир, Сиреневая ул., д.28;Ноябрьск, Комсомольская ул., д.32;1994-12-06
1078;Елисей Калиев;Находка, Советская ул., д.11;Балашиха, Вокзальная ул., д.88;1996-12-20
1079;Виталий Игнатов;Энгельс, Парковая ул., д.59;Нижнекамск, Ленина ул., д.20;1992-07-21
1080;Глеб Тихонов;Батайск, Красноармейская ул., д.98;Великий Новгород, Энгельса ул., д.29;1997-04-03
1081;Никита Попов;Калуга, Декабристов ул., д.38;Назрань, Чернышевского ул., д.59;1997-02-11
1082;Богдан Панов;Керчь, Энтузиастов ул., д.50;Кызыл, Школьная ул., д.82;1990-09-10
1083;Семен Кудрявцев;Электросталь, Профсоюзная ул., д.79;Ноябрьск, Лазо ул., д.8;1991-04-18
1084;Богдан Кузин;Назрань, Промышленная ул., д.50;Ижевск, Сиреневая ул., д.11;1998-01-24
1085;Глеб Никифоров;Пенза, Широкая ул., д.74;Энгельс, Сиреневая ул., д.89;1995-04-27
1086;Никита Петухов;Новошахтинск, Песочная ул., д.76;Волгоград, Орджоникидзе ул., д.79;1996-12-04
1087;Марк Демин;Курган, Дальняя ул., д.87;Вологда, Колхозная ул., д.22;1994-10-25
1088;Егор Дементьев;Артем, Западная ул., д.64;Воронеж, Герцена ул., д.17;2000-07-26
1089;Виктор Игнатьев;Ноябрьск, Фурманова ул., д.41;Обнинск, Пролетарская ул., д.71;1995-05-15
1090;Олег Герасимов;Батайск, Строителей ул., д.4;Альметьевск, Труда ул., д.72;1998-11-11
1091;Данил Воробьев;Люберцы, Ленинская ул., д.68;Новошахтинск, Маяковского ул., д.22;1996-06-29
1092;Андрей Ларин;Ковров, Гагарина ул., д.64;Вологда, Ленинградская ул., д.38;1997-10-23
1093;Игорь Калиев;Новочебоксарск, Транспортная ул., д.67;Абакан, Привокзальная ул., д.34;1999-07-18
1094;Павел Власов;Владимир, Мостовая ул., д.44;Москва, Песчаная ул., д.15;1990-05-11
1095;Юрий Воронов;Дзержинск, Чехова ул., д.8;Жуковский, Школьный пер., д.43;1990-09-16
1096;Олег Трофимов;Черкесск, Родниковая ул., д.95;Северодвинск, Зеленая ул., д.42;1990-11-09
1097;Виктор Анисимов;Чита, Школьный пер., д.44;Хабаровск, Пугачева ул., д.13;1997-02-11
1098;Матвей Лукьянов;Сочи, Ленинградская ул., д.65;Ижевск, Урицкого ул., д.13;1993-04-13
1099;Ярослав Маслов;Сыктывкар, Космонавтов ул., д.51;Ульяновск, Котовского ул., д.44;1997-10-02
1100;Илья Ибрагимов;Элиста, Щорса ул., д.51;Майкоп, Молодежная ул., д.37;1990-12-29
1101;Тимофей Рыбаков;Березники, Больничный пер., д.95;Находка, Уральская ул., д.10;1990-08-22
1102;Евгений Яковлев;Коломна, Октябрьская ул., д.77;Новокузнецк, Красноармейская ул., д.50;2000-08-28
1103;Семен Ларин;Люберцы, Красная ул., д.82;Элиста, Восточная ул., д.68;1992-07-09
1104;Ярослав Лазарев;Элиста, Луначарского ул., д.19;Воронеж, Марта ул., д.53;1991-09-27
1105;Никита Григорьев;Киров, Подгорная ул., д.69;Ковров, Герцена ул., д.69;1992-01-04
1106;Андрей Софронов;Новошахтинск, Солнечная ул., д.46;Красноярск, Чехова ул., д.39;1999-07-01
1107;Игорь Плотников;Саранск, Строительная ул., д.24;Казань, Урицкого ул., д.44;2000-12-01
1108;Николай Захаров;Тверь, Ватутина ул., д.56;Бийск, Весенняя ул., д.56;1998-07-23
1109;Кирилл Евдокимов;Воронеж, Трактовая ул., д.55;Нефтеюганск, Кольцевая ул., д.82;1999-04-01
1110;Семен Грачев;Черкесск, Крестьянская ул., д.26;Новокузнецк, Спортивная ул., д.90;1996-05-30
1111;Никита Попов;Армавир, Ломоносова ул., д.71;Муром, Коммунальная ул., д.92;1990-01-14
1112;Константин Блинов;Кемерово, Лесная ул., д.88;Астрахань, Степная ул., д.83;1995-05-16
1113;Кирилл Горбунов;Нижнекамск, Тимирязева ул., д.24;Иркутск, Гагарина ул., д.20;1998-01-21
1114;Вадим Ершов;Арзамас, Некрасова ул., д.24;Северодвинск, Спортивный пер., д.15;1990-12-25
1115;Арсений Бородин;Дзержинск, Колхозный пер., д.46;Липецк, Нагорная ул., д.76;1992-01-28
1116;Владислав Софронов;Тула, Станционная ул., д.29;Серпухов, Тимирязева ул., д.7;1990-10-06
1117;Данил Колесников;Ачинск, Рабочая ул., д.99;Тюмень, Гражданская ул., д.85;1999-02-13
1118;Сергей Фокин;Мурманск, Уральская ул., д.82;Йошкар-Ола, Тихая ул., д.44;1995-11-10
1119;Николай Кузин;Севастополь, Народная ул., д.78;Ачинск, Крылова ул., д.64;2000-01-06
1120;Виталий Комаров;Серпухов, Западная ул., д.34;Северск, Почтовый пер., д.11;2000-12-21
1121;Егор Федотов;Кисловодск, Южный пер., д.47;Благовещенск, Молодежный пер., д.92;1990-02-17
1122;Виталий Родионов;Дербент, Лазо ул., д.90;Комсомольск-на-Амуре, Дальняя ул., д.79;1993-08-18
1123;Марк Михеев;Абакан, Володарского ул., д.4;Бердск, Нагорная ул., д.26;1998-01-15
1124;Антон Денисов;Димитровград, Дружбы ул., д.68;Севастополь, Широкая ул., д.14;1991-08-25
1125;Андрей Карпов;Кызыл, Уральская ул., д.91;Калуга, Островского ул., д.74;2000-08-12
1126;Марк Новиков;Владивосток, Суворова ул., д.25;Димитровград, Студенческая ул., д.68;1995-06-02
1127;Максим Чернышев;Ковров, Мостовая ул., д.4;Камышин, Комсомольский пер., д.44;1994-09-16
1128;Марк Афанасьев;Севастополь, Майская ул., д.12;Санкт-Петербург, Новый пер., д.97;1998-04-19
1129;Евгений Воробьев;Батайск, Молодежный пер., д.60;Ангарск, Майская ул., д.9;1993-06-15
1130;Богдан Климов;Тверь, перечень улиц России., д.2;Комсомольск-на-Амуре, Колхозный пер., д.99;1992-04-03
1131;Савелий Афанасьев;Великий Новгород, Энтузиастов ул., д.50;Каспийск, Зеленый пер., д.62;1992-11-13
1132;Антон Крюков;Нижний Новгород, Вишневая ул., д.75;Орск, Песчаная ул., д.68;1996-07-23
1133;Семен Смирнов;Курск, Дорожная ул., д.50;Белгород, Береговая ул., д.75;1990-03-16
1134;Лев Рыбаков;Арзамас, Речной пер., д.72;Краснодар, Базарная ул., д.26;1997-03-06
1135;Вадим Соловьев;Ачинск, Буденного ул., д.91;Симферополь, Рабочая ул., д.48;1995-05-06
1136;Денис Яковлев;Невинномысск, Щорса ул., д.55;Новороссийск, Ленина ул., д.46;1995-02-25
1137;Тимофей Литвинов;Новокузнецк, Озерная ул., д.19;Благовещенск, Транспортная ул., д.35;1990-02-13
1138;Ярослав Крюков;Набережные Челны, Социалистическая ул., д.27;Тольятти, Заводская ул., д.16;1991-02-05
1139;Савелий Климов;Керчь, Садовая ул., д.57;Иркутск, Новая ул., д.87;1991-05-06
1140;Максим Голубев;Омск, Парковая ул., д.3;Пушкино, Крупской ул., д.73;1999-08-20
1141;Марк Анисимов;Казань, Первомайский пер., д.4;Саранск, лет Октября ул., д.34;1990-12-20
1142;Максим Антонов;Великий Новгород, Молодежная ул., д.33;Владимир, Новоселов ул., д.27;1992-05-26
1143;Андрей Грачев;Томск, Карла Маркса ул., д.84;Братск, Вишневая ул., д.1;2000-08-21
1144;Ярослав Жданов;Коломна, Ломоносова ул., д.24;Екатеринбург, Садовый пер., д.51;2000-11-18
1145;Савелий Исаев;Великий Новгород, Коммунистическая ул., д.61;Севастополь, Заводская ул., д.34;1990-07-27
1146;Вячеслав Михайлов;Сергиев Посад, Октябрьская ул., д.98;Челябинск, Школьный пер., д.99;1997-04-24
1147;Ярослав Михеев;Балаково, Чайковского ул., д.72;Ярославль, Звездная ул., д.85;1999-06-27
1148;Юрий Воронин;Пермь, Партизанская ул., д.4;Химки, Крестьянская ул., д.97;1999-04-26
1149;Андрей Мартынов;Тольятти, Зеленый пер., д.36;Омск, Луговая ул., д.66;1991-02-04
1150;Егор Зотов;Первоуральск, Советская ул., д.54;Ангарск, Южная ул., д.86;2000-01-06
1151;Лев Потапов;Таганрог, Парковая ул., д.65;Нижневартовск, Кирова ул., д.83;1992-04-18
1152;Семен Исмаилов;Северск, Светлая ул., д.54;Одинцово, Юбилейная ул., д.41;1998-11-21
1153;Семен Филатов;Сургут, Ломоносова ул., д.56;Калуга, Горького ул., д.12;1995-02-10
1154;Глеб Филатов;Артем, Лесная ул., д.65;Орск, Фабричная ул., д.95;1993-06-28
1155;Богдан Бобров;Магнитогорск, Береговая ул., д.57;Уфа, Дзержинского ул., д.73;1998-01-20
1156;Виталий Родионов;Салават, Коммунальная ул., д.85;Махачкала, Западная ул., д.23;1992-10-31
1157;Данил Балашов;Новочебоксарск, Урицкого ул., д.42;Сургут, Станционная ул., д.9;1993-05-20
1158;Захар Емельянов;Йошкар-Ола, Гагарина ул., д.70;Ульяновск, Чапаева ул., д.68;1995-02-18
1159;Сергей Новиков;Брянск, Гоголя ул., д.18;Рубцовск, Пионерский пер., д.86;1995-07-01
1160;Юрий Титов;Кострома, Почтовая ул., д.9;Нижневартовск, Солнечная ул., д.38;1996-02-14
1161;Марк Гришин;Ульяновск, Солнечная ул., д.57;Рыбинск, Горная ул., д.74;1999-05-31
1162;Юрий Фокин;Волгоград, Южный пер., д.38;Артем, Набережная ул., д.75;1998-02-15
1163;Богдан Денисов;Муром, Гоголя ул., д.48;Киров, Лазо ул., д.51;1992-01-14
1164;Елисей Матвеев;Белгород, Школьная ул., д.55;Йошкар-Ола, Спортивный пер., д.94;1992-09-19
1165;Степан Ушаков;Смоленск, Садовый пер., д.71;Калуга, Южный пер., д.67;1998-09-27
1166;Семен Серов;Сыктывкар, Белинского ул., д.57;Петрозаводск, Зеленый пер., д.40;1991-07-12
1167;Лев Гришин;Новый Уренгой, Трактовая ул., д.66;Первоуральск, Северная ул., д.58;1996-06-01
1168;Игорь Рыбаков;Новосибирск, Гаражная ул., д.28;Томск, Базарная ул., д.99;1995-07-25
1169;Макар Моисеев;Сочи, Советская ул., д.52;Серпухов, Свободы ул., д.66;1999-12-29
1170;Антон Громов;Балашиха, Профсоюзная ул., д.43;Стерлитамак, Крупской ул., д.88;1994-02-23
1171;Марк Ермаков;Набережные Челны, Овражная ул., д.1;Волгодонск, Механизаторов ул., д.53;1994-02-26
1172;Денис Соловьев;Нефтеюганск, Тимирязева ул., д.71;Обнинск, Широкая ул., д.72;1999-04-19
1173;Виталий Сорокин;Благовещенск, Клубная ул., д.83;Новочебоксарск, Комарова ул., д.71;2000-09-06
1174;Артур Власов;Армавир, Зеленый пер., д.78;Ижевск, Комсомольский пер., д.20;1992-02-24
1175;Богдан Румянцев;Орехово-Зуево, Гоголя ул., д.33;Уссурийск, Чкалова ул., д.53;1991-09-15
1176;Сергей Малышев;Шахты, Урицкого ул., д.76;Коломна, Дачная ул., д.76;1990-10-04
1177;Андрей Мальцев;Сургут, Кубанская ул., д.8;Жуковский, Ленина ул., д.34;1999-09-29
1178;Юрий Акимов;Новошахтинск, Горького ул., д.70;Тюмень, Магистральная ул., д.10;2000-05-27
1179;Дмитрий Макаров;Новокуйбышевск, Базарная ул., д.40;Южно-Сахалинск, Больничная ул., д.93;1997-05-15
1180;Сергей Карпов;Каспийск, Строительная ул., д.95;Комсомольск-на-Амуре, Нагорная ул., д.82;1995-03-13
1181;Алексей Абрамов;Санкт-Петербург, Социалистическая ул., д.93;Новороссийск, Зеленая ул., д.16;1990-11-03
1182;Сергей Соловьев;Орехово-Зуево, Северный пер., д.38;Хасавюрт, Школьный пер., д.28;1994-08-12
1183;Руслан Ибрагимов;Благовещенск, Лермонтова ул., д.84;Набережные Челны, Российская ул., д.86;1993-12-31
1184;Михаил Богданов;Орёл, Рабочая ул., д.97;Севастополь, Песчаная ул., д.54;1993-04-15
1185;Юрий Куликов;Йошкар-Ола, Тихая ул., д.27;Новошахтинск, Ворошилова ул., д.65;1991-05-29
1186;Дмитрий Кондратьев;Химки, Коммунальная ул., д.24;Орехово-Зуево, Пушкина ул., д.91;2000-02-28
1187;Савелий Егоров;Сызрань, Титова ул., д.12;Арзамас, Совхозная ул., д.22;1991-05-18
1188;Егор Кудрявцев;Рубцовск, Трудовая ул., д.38;Курск, Горная ул., д.61;1994-11-02
1189;Павел Евдокимов;Пушкино, Зеленая ул., д.28;Электросталь, Южная ул., д.20;1997-06-11
1190;Андрей Петров;Евпатория, Больничная ул., д.28;Сургут, Мирная ул., д.35;1996-09-19
1191;Александр Лобанов;Пятигорск, Урицкого ул., д.84;Серпухов, Красноармейская ул., д.78;1993-06-04
1192;Тимур Румянцев;Тверь, Почтовая ул., д.59;Сызрань, Володарского ул., д.10;1994-04-15
1193;Данил Федоров;Саратов, Тихая ул., д.94;Ессентуки, Широкая ул., д.43;1996-01-30
1194;Владимир Фомин;Елец, Пушкина ул., д.70;Балаково, Ленина ул., д.12;1990-08-12
1195;Алексей Галкин;Петропавловск-Камчатский, Пролетарская ул., д.33;Сергиев Посад, Целинная ул., д.69;1990-02-06
1196;Арсений Лазарев;Севастополь, Профсоюзная ул., д.14;Новомосковск, Коммунальная ул., д.11;1994-12-09
1197;Игорь Власов;Череповец, Заречная ул., д.68;Каспийск, Тихая ул., д.71;1991-11-04
1198;Марк Устинов;Ачинск, Озерная ул., д.77;Салават, Луначарского ул., д.15;1990-12-06
1199;Константин Маслов;Арзамас, Новая ул., д.39;Альметьевск, Садовая ул., д.8;1996-02-01
1200;Илья Трофимов;Сыктывкар, Профсоюзная ул., д.9;Евпатория, Крестьянская ул., д.59;1991-12-09
1201;Макар Рябов;Мурманск, Октябрьская ул., д.27;Красноярск, Пушкина ул., д.98;1991-09-24
1202;Тимофей Оспанов;Сочи, Северный пер., д.92;Элиста, Нагорная ул., д.27;1999-05-16
1203;Артём Максимов;Сергиев Посад, 50 лет Победы ул., д.38;Подольск, Марта ул., д.99;1993-03-14
1204;Юрий Данилов;Новокуйбышевск, Шоссейная ул., д.86;Волгодонск, Ленина ул., д.49;1991-01-05
1205;Николай Муравьев;Муром, Тихая ул., д.4;Тольятти, Октябрьский пер., д.78;1992-12-27
1206;Денис Морозов;Альметьевск, Восточная ул., д.10;Уфа, Строительная ул., д.91;1991-11-17
1207;Константин Щербаков;Кемерово, Трактовая ул., д.51;Рубцовск, Коммунальная ул., д.61;1996-07-29
1208;Матвей Филиппов;Якутск, Весенняя ул., д.18;Волгоград, Чернышевского ул., д.8;1996-12-16
1209;Тимур Краснов;Альметьевск, Мира ул., д.25;Норильск, Гайдара ул., д.56;1995-09-05
1210;Тимофей Воронов;Москва, Юбилейная ул., д.37;Новомосковск, Кутузова ул., д.17;1990-12-21
1211;Семен Колесников;Первоуральск, Спортивный пер., д.36;Волжский, Солнечная ул., д.60;1991-07-30
1212;Олег Малышев;Хабаровск, Солнечная ул., д.25;Пушкино, Шоссейная ул., д.56;1993-11-15
1213;Александр Фадеев;Бердск, Вокзальная ул., д.81;Тамбов, Первомайский пер., д.20;1995-12-13
1214;Вадим Игнатов;Набережные Челны, Привокзальная ул., д.82;Абакан, Южный пер., д.91;1997-11-15
1215;Юрий Громов;Самара, Горького ул., д.69;Псков, Студенческая ул., д.84;1994-06-21
1216;Иван Мельников;Волгоград, Чапаева ул., д.35;Калининград, Пролетарская ул., д.97;1994-02-17
1217;Даниил Поляков;Ногинск, Нагорная ул., д.21;Орехово-Зуево, Чапаева ул., д.85;1993-02-07
1218;Роман Степанов;Рыбинск, Больничная ул., д.63;Череповец, Заречная ул., д.40;1993-05-14
1219;Тимур Грачев;Батайск, Новая ул., д.52;Псков, Западная ул., д.31;1994-11-08
1220;Лев Аксенов;Стерлитамак, Интернациональная ул., д.47;Майкоп, Комсомольский пер., д.26;1991-02-17
1221;Данил Леонов;Северодвинск, Колхозная ул., д.59;Химки, Космонавтов ул., д.94;1999-05-24
1222;Алексей Дементьев;Архангельск, Московская ул., д.44;Каспийск, Белинского ул., д.91;1996-05-25
1223;Кирилл Садыков;Волгодонск, Пионерский пер., д.38;Якутск, Красная ул., д.29;1999-10-29
1224;Илья Кудрявцев;Коломна, Первомайский пер., д.35;Нижний Тагил, Солнечная ул., д.62;1991-10-09
1225;Максим Богомолов;Бийск, Школьный пер., д.31;Кемерово, Мелиораторов ул., д.51;1997-07-20
1226;Андрей Ким;Волгоград, Мира ул., д.95;Белгород, Новая ул., д.81;1993-06-09
1227;Виталий Голубев;Щёлково, Кутузова ул., д.85;Элиста, Советский пер., д.75;1992-11-26
1228;Мирон Бирюков;Тамбов, Тихий пер., д.71;Миасс, Интернациональная ул., д.16;1996-09-08
1229;Алексей Блинов;Златоуст, Чапаева ул., д.49;Омск, Крупской ул., д.72;2000-02-08
1230;Михаил Михайлов;Ярославль, Молодежный пер., д.81;Брянск, Центральная ул., д.72;1991-08-08
1231;Захар Васильев;Батайск, Чернышевского ул., д.44;Волжский, Дальняя ул., д.6;1994-09-10
1232;Вадим Харитонов;Астрахань, Молодежный пер., д.71;Нижнекамск, Тургенева ул., д.73;1994-03-30
1233;Антон Митрофанов;Симферополь, Кольцевая ул., д.4;Новосибирск, Подгорная ул., д.66;1990-06-02
1234;Кирилл Савельев;Благовещенск, Гоголя ул., д.71;Одинцово, Вишневая ул., д.4;1997-06-26
1235;Юрий Плотников;Саратов, Пионерский пер., д.53;Севастополь, Маяковского ул., д.86;1994-04-27
1236;Ярослав Федотов;Волгоград, Крупской ул., д.69;Петрозаводск, Суворова ул., д.1;1990-04-02
1237;Елисей Игнатьев;Шахты, Новоселов ул., д.73;Петрозаводск, Фестивальная ул., д.41;1998-06-24
1238;Виталий Князев;Старый Оскол, Крестьянская ул., д.73;Абакан, Вокзальная ул., д.64;1998-10-22
1239;Николай Жуков;Черкесск, Фестивальная ул., д.73;Москва, Почтовая ул., д.32;1993-08-06
1240;Иван Воробьев;Стерлитамак, Дружбы ул., д.21;Кисловодск, Гагарина ул., д.91;1996-06-18
1241;Даниил Савин;Таганрог, Южная ул., д.70;Екатеринбург, Мира ул., д.34;1992-06-17
1242;Сергей Акимов;Химки, Калинина ул., д.94;Нижний Новгород, Мичурина ул., д.92;1992-09-25
1243;Никита Макаров;Ульяновск, Белинского ул., д.43;Архангельск, Вишневая ул., д.45;1998-12-09
1244;Тимур Воронин;Брянск, Комсомольский пер., д.16;Саратов, Северный пер., д.17;1999-10-25
1245;Александр Ершов;Тамбов, Комсомольский пер., д.10;Челябинск, Интернациональная ул., д.62;1993-01-05
1246;Павел Соловьев;Сызрань, Ломоносова ул., д.33;Армавир, Молодежная ул., д.98;1995-01-05
1247;Виталий Наумов;Норильск, Береговая ул., д.55;Назрань, Космонавтов ул., д.85;1994-01-19
1248;Владислав Чернышев;Самара, лет Октября ул., д.39;Сургут, Суворова ул., д.17;2000-05-23
1249;Лев Ефимов;Нефтеюганск, Школьная ул., д.95;Миасс, Заводская ул., д.8;1992-04-21
1250;Николай Ильин;Дзержинск, Победы ул., д.80;Тюмень, Станционная ул., д.13;1996-10-27
1251;Тимур Овчинников;Пушкино, Кольцевая ул., д.63;Электросталь, Пионерская ул., д.61;1992-04-30
1252;Мирон Савельев;Севастополь, Красная ул., д.34;Камышин, Луговая ул., д.14;1997-03-07
1253;Олег Соловьев;Астрахань, Мелиораторов ул., д.45;Домодедово, Сосновая ул., д.16;1996-10-26
1254;Арсений Павлов;Архангельск, Профсоюзная ул., д.65;Нижний Тагил, Марта ул., д.60;1990-05-21
1255;Юрий Леонтьев;Волгодонск, Северный пер., д.13;Ноябрьск, Молодежная ул., д.48;1993-01-19
1256;Богдан Поляков;Дербент, Чехова ул., д.8;Кемерово, Школьный пер., д.39;1998-07-15
1257;Лев Казаков;Череповец, Промышленная ул., д.26;Камышин, Пионерский пер., д.33;1995-12-03
1258;Елисей Искаков;Березники, Фабричная ул., д.10;Пермь, Заречная ул., д.56;1997-04-26
1259;Владимир Никитин;Королёв, Терешковой ул., д.92;Тюмень, Полевая ул., д.29;1995-04-17
1260;Арсений Смирнов;Рязань, Энтузиастов ул., д.50;Стерлитамак, Береговая ул., д.7;1991-06-10
1261;Дмитрий Князев;Королёв, Речной пер., д.25;Раменское, Железнодорожная ул., д.52;1999-02-13
1262;Андрей Филатов;Ковров, Маяковского ул., д.16;Майкоп, Заречная ул., д.34;2000-10-04
1263;Тимофей Моисеев;Казань, Западная ул., д.18;Хабаровск, Толстого ул., д.62;1992-08-01
1264;Владислав Журавлев;Хабаровск, 50 лет Победы ул., д.85;Псков, Солнечная ул., д.86;1990-06-14
1265;Владислав Наумов;Артем, Есенина ул., д.41;Набережные Челны, Солнечный пер., д.2;1999-02-24
1266;Михаил Садыков;Новокузнецк, Школьная ул., д.76;Альметьевск, Щорса ул., д.90;1990-03-19
1267;Вадим Быков;Альметьевск, Толстого ул., д.31;Краснодар, Комсомольский пер., д.74;1992-05-12
1268;Сергей Трофимов;Псков, Чернышевского ул., д.42;Комсомольск-на-Амуре, Трудовая ул., д.25;1990-06-24
1269;Мирон Родионов;Новочеркасск, Трудовая ул., д.2;Кызыл, Свердлова ул., д.42;1992-09-29
1270;Богдан Родионов;Назрань, Школьный пер., д.15;Балашиха, Свердлова ул., д.58;1998-02-26
1271;Иван Савельев;Архангельск, Кирова ул., д.35;Камышин, 1-Мая ул., д.77;1994-02-10
1272;Олег Гончаров;Королёв, Новая ул., д.56;Нижнекамск, Мостовая ул., д.74;1999-03-27
1273;Богдан Зотов;Орск, Щорса ул., д.5;Салават, Ленинградская ул., д.2;1993-03-11
1274;Андрей Никифоров;Королёв, Комсомольский пер., д.40;Дербент, Чехова ул., д.9;1996-05-30
1275;Владимир Соловьев;Пермь, Гагарина ул., д.46;Владимир, Колхозная ул., д.8;1992-04-23
1276;Матвей Максимов;Щёлково, Совхозная ул., д.88;Набережные Челны, Интернациональная ул., д.60;1995-06-28
1277;Тимофей Митрофанов;Северодвинск, Кольцевая ул., д.85;Мурманск, Партизанская ул., д.27;1990-08-18
1278;Олег Родионов;Димитровград, Дорожная ул., д.36;Хабаровск, Революционная ул., д.70;1993-04-01
1279;Никита Калиев;Кызыл, Шевченко ул., д.75;Таганрог, Комарова ул., д.99;1993-02-01
1280;Юрий Ушаков;Киров, Родниковая ул., д.81;Севастополь, Суворова ул., д.61;2000-01-15
1281;Марк Никитин;Миасс, Тихая ул., д.11;Тюмень, Рабочий пер., д.65;1992-02-05
1282;Тимофей Кузьмин;Йошкар-Ола, Степная ул., д.72;Ногинск, Зеленая ул., д.81;1990-04-01
1283;Александр Ильин;Нижний Новгород, Звездная ул., д.29;Ярославль, Садовая ул., д.71;2000-08-23
1284;Виктор Горшков;Коломна, Кирпичная ул., д.22;Октябрьский, Подгорная ул., д.22;1995-06-15
1285;Владислав Устинов;Новосибирск, Сиреневая ул., д.94;Димитровград, Профсоюзная ул., д.68;1998-04-28
1286;Елисей Борисов;Каменск - Уральский, Заводская ул., д.40;Казань, Московская ул., д.61;1996-11-24
1287;Сергей Грачев;Нижний Тагил, Гайдара ул., д.44;Пятигорск, Заводская ул., д.45;1995-06-11
1288;Степан Петров;Химки, Южный пер., д.49;Ачинск, Российская ул., д.90;1991-07-23
1289;Владислав Нестеров;Орёл, Чапаева ул., д.39;Сызрань, Механизаторов ул., д.21;1994-04-13
1290;Кирилл Харитонов;Челябинск, Толстого ул., д.11;Обнинск, Партизанская ул., д.8;1992-12-21
1291;Захар Лобанов;Ачинск, Садовый пер., д.38;Кемерово, Лесная ул., д.89;1992-02-09
1292;Владислав Ларин;Красноярск, Красная ул., д.72;Астрахань, Гагарина ул., д.78;1994-08-27
1293;Игорь Ибрагимов;Владикавказ, Верхняя ул., д.5;Псков, Магистральная ул., д.97;1997-06-26
1294;Владимир Пономарев;Братск, Ленинская ул., д.26;Шахты, Ломоносова ул., д.22;1992-08-18
1295;Алексей Казаков;Новокузнецк, Горная ул., д.93;Владикавказ, Строителей ул., д.86;1990-02-07
1296;Павел Белов;Иваново, Фурманова ул., д.24;Невинномысск, Дорожная ул., д.47;1990-07-13
1297;Руслан Воронин;Саратов, Октябрьский пер., д.99;Чебоксары, Западная ул., д.41;1999-01-09
1298;Степан Андреев;Сыктывкар, Лесная ул., д.6;Новомосковск, Тургенева ул., д.59;1990-04-08
1299;Никита Пономарев;Орехово-Зуево, Нагорная ул., д.55;Миасс, Мелиораторов ул., д.22;1993-03-01
1300;Владимир Ларин;Обнинск, Трактовая ул., д.26;Артем, Пролетарская ул., д.17;1996-03-01
1301;Артём Лобанов;Рубцовск, Марта ул., д.99;Таганрог, Коммунистическая ул., д.67;1995-05-20
1302;Кирилл Румянцев;Владикавказ, Дзержинского ул., д.83;Нижневартовск, Ватутина ул., д.96;1997-02-20
1303;Артур Исмаилов;Белгород, Первомайская ул., д.69;Уссурийск, Московская ул., д.4;1998-06-19
1304;Егор Еремин;Красногорск, Кольцевая ул., д.95;Москва, Горького ул., д.5;1993-03-31
1305;Дмитрий Скворцов;Уссурийск, Колхозная ул., д.86;Астрахань, Есенина ул., д.94;2000-12-15
1306;Глеб Игнатов;Нижневартовск, Целинная ул., д.71;Иркутск, Береговая ул., д.37;1992-09-21
1307;Артур Евдокимов;Рубцовск, Весенняя ул., д.30;Новокузнецк, Некрасова ул., д.7;1999-07-13
1308;Лев Егоров;Махачкала, Овражная ул., д.66;Нижневартовск, Садовая ул., д.84;1996-05-13
1309;Владислав Савин;Пушкино, Ватутина ул., д.20;Петропавловск-Камчатский, Народная ул., д.99;1997-05-22
1310;Егор Устинов;Бийск, Базарная ул., д.40;Пятигорск, Студенческая ул., д.30;1999-10-21
1311;Виктор Мельников;Сургут, Свободы ул., д.64;Керчь, Профсоюзная ул., д.36;1991-12-03
1312;Ярослав Аксенов;Мытищи, Крестьянская ул., д.34;Черкесск, Заводской пер., д.75;1992-01-16
1313;Олег Лукьянов;Старый Оскол, Школьная ул., д.27;Новочеркасск, перечень улиц России., д.94;1995-07-30
1314;Юрий Антонов;Новочеркасск, Светлая ул., д.37;Екатеринбург, Свободы ул., д.19;1997-05-11
1315;Алексей Крюков;Чебоксары, Терешковой ул., д.33;Орехово-Зуево, Ключевая ул., д.20;1992-08-25
1316;Артур Смирнов;Иваново, Советская ул., д.32;Пушкино, Трактовая ул., д.46;1990-06-04
1317;Игорь Сорокин;Тамбов, Щорса ул., д.17;Рыбинск, Родниковая ул., д.37;1990-06-30
1318;Илья Максимов;Челябинск, Мелиораторов ул., д.14;Королёв, Калинина ул., д.18;1990-02-28
1319;Иван Калинин;Улан-Удэ, Ленинская ул., д.65;Тольятти, Молодежный пер., д.30;1996-05-05
1320;Матвей Ильин;Салават, Транспортная ул., д.31;Орёл, Почтовый пер., д.60;1991-10-19
1321;Виталий Алексеев;Владикавказ, Герцена ул., д.30;Самара, Южный пер., д.51;1995-09-24
1322;Алексей Богданов;Сочи, Революционная ул., д.95;Находка, Пугачева ул., д.7;1993-02-13
1323;Вадим Корнеев;Тюмень, Студенческая ул., д.7;Самара, Промышленная ул., д.17;2000-03-11
1324;Антон Панов;Орск, Советский пер., д.60;Киров, Ломоносова ул., д.29;1999-10-22
1325;Ярослав Морозов;Ангарск, Гражданская ул., д.96;Краснодар, Гражданская ул., д.92;1992-10-15
1326;Константин Матвеев;Тольятти, Луначарского ул., д.60;Екатеринбург, Магистральная ул., д.58;1996-06-04
1327;Денис Панов;Камышин, Парковая ул., д.5;Нижневартовск, Тургенева ул., д.87;1998-08-03
1328;Илья Макаров;Южно-Сахалинск, Октябрьская ул., д.58;Самара, Базарная ул., д.2;1993-06-12
1329;Андрей Кузин;Северодвинск, Сосновая ул., д.38;Альметьевск, Ленинская ул., д.19;1993-02-18
1330;Дмитрий Омаров;Абакан, Линейная ул., д.54;Элиста, Карла Маркса ул., д.82;1999-05-15
1331;Павел Захаров;Петропавловск-Камчатский, Заречная ул., д.11;Пушкино, Некрасова ул., д.87;1991-07-30
1332;Захар Дроздов;Орск, Орджоникидзе ул., д.43;Ярославль, Первомайская ул., д.73;2000-10-12
1333;Ярослав Герасимов;Казань, Ватутина ул., д.74;Орёл, Мелиораторов ул., д.99;1992-12-25
1334;Евгений Абрамов;Батайск, Гайдара ул., д.25;Каменск - Уральский, Котовского ул., д.2;1991-12-26
1335;Даниил Чернышев;Симферополь, Юбилейная ул., д.11;Красногорск, Таежная ул., д.23;1996-01-01
1336;Николай Цветков;Ессентуки, Котовского ул., д.13;Москва, Коммунальная ул., д.27;1999-06-17
1337;Даниил Лебедев;Серпухов, Спортивный пер., д.75;Томск, Ватутина ул., д.46;1996-11-09
1338;Максим Малышев;Орёл, Западная ул., д.83;Северск, Тихая ул., д.50;1994-05-21
1339;Руслан Пономарев;Ярославль, Кутузова ул., д.78;Кисловодск, Буденного ул., д.3;1993-06-11
1340;Савелий Мельников;Батайск, Речная ул., д.70;Самара, Крестьянская ул., д.86;1995-11-30
1341;Арсений Яковлев;Березники, Сиреневая ул., д.23;Хасавюрт, Есенина ул., д.62;1999-11-20
1342;Артур Лавров;Нижнекамск, Комсомольская ул., д.91;Дербент, Мостовая ул., д.97;1999-11-23
1343;Никита Демин;Сызрань, Народная ул., д.56;Северск, Горького ул., д.5;1990-11-25
1344;Кирилл Абрамов;Уфа, Весенняя ул., д.68;Волгодонск, Белинского ул., д.7;1997-05-13
1345;Арсений Гусев;Оренбург, Северная ул., д.2;Северск, Мелиораторов ул., д.29;1994-11-02
1346;Дмитрий Князев;Белгород, Кольцевая ул., д.69;Ярославль, Шевченко ул., д.95;1997-11-17
1347;Артём Лобанов;Норильск, Орджоникидзе ул., д.61;Прокопьевск, Спортивная ул., д.68;1996-03-06
1348;Мирон Журавлев;Вологда, Мирная ул., д.85;Иваново, Школьная ул., д.85;1997-07-21
1349;Виктор Фролов;Коломна, Народная ул., д.22;Кемерово, Социалистическая ул., д.5;1992-12-04
1350;Денис Грачев;Пенза, Красная ул., д.34;Владимир, Больничная ул., д.51;1999-05-21
1351;Юрий Левин;Омск, Октябрьская ул., д.11;Кострома, Белинского ул., д.11;1996-02-06
1352;Константин Ким;Владикавказ, Рабочая ул., д.25;Ульяновск, Промышленная ул., д.97;1998-03-24
1353;Глеб Лобанов;Брянск, Восточный пер., д.57;Пятигорск, Свободы ул., д.57;1992-05-10
1354;Александр Алексеев;Миасс, Садовая ул., д.60;Йошкар-Ола, Овражная ул., д.27;1999-06-25
1355;Вячеслав Федотов;Краснодар, Железнодорожная ул., д.81;Псков, Западный пер., д.70;1992-05-24
1356;Кирилл Тарасов;Санкт-Петербург, Тельмана ул., д.35;Копейск, Кирпичная ул., д.55;2000-05-13
1357;Юрий Борисов;Иваново, Профсоюзная ул., д.12;Петропавловск-Камчатский, Шевченко ул., д.20;1993-08-18
1358;Ярослав Максимов;Белгород, Строительная ул., д.65;Первоуральск, Тургенева ул., д.64;1997-05-13
1359;Иван Колесников;Миасс, Дальняя ул., д.86;Златоуст, Российская ул., д.75;1996-05-23
1360;Савелий Калинин;Новосибирск, Заречная ул., д.60;Северск, Кутузова ул., д.96;1998-03-03
1361;Павел Блинов;Сургут, Кольцевая ул., д.15;Оренбург, Победы ул., д.68;1995-07-28
1362;Иван Ушаков;Домодедово, Горная ул., д.20;Тверь, Строительная ул., д.31;1997-03-27
1363;Артур Юдин;Ярославль, Тихий пер., д.82;Сызрань, Энтузиастов ул., д.32;1993-06-09
1364;Виктор Воронов;Ноябрьск, Уральская ул., д.15;Калининград, Урицкого ул., д.93;1997-10-18
1365;Ярослав Морозов;Елец, Советская ул., д.37;Каменск - Уральский, Свердлова ул., д.24;1994-02-21
1366;Олег Семенов;Муром, Родниковая ул., д.85;Симферополь, Шевченко ул., д.93;2000-11-24
1367;Егор Бобров;Омск, Карла Маркса ул., д.93;Мурманск, Солнечная ул., д.43;1998-01-22
1368;Виталий Омаров;Владивосток, Полевая ул., д.77;Киров, Крупской ул., д.89;1994-11-06
1369;Максим Кудрявцев;Салават, лет Октября ул., д.31;Новокузнецк, Речная ул., д.90;1994-12-26
1370;Марк Сергеев;Королёв, Школьный пер., д.75;Томск, Свердлова ул., д.20;1992-02-14
1371;Семен Богданов;Таганрог, Комсомольский пер., д.76;Жуковский, Коммунальная ул., д.54;1990-11-23
1372;Александр Сорокин;Балашиха, Новоселов ул., д.22;Курск, Набережная ул., д.61;1998-08-07
1373;Арсений Киселев;Сочи, Мелиораторов ул., д.3;Ноябрьск, Лесная ул., д.2;1995-09-19
1374;Владимир Панов;Орёл, Станционная ул., д.37;Муром, Почтовый пер., д.97;2000-09-26
1375;Владислав Гончаров;Череповец, Трудовая ул., д.86;Йошкар-Ола, Лесная ул., д.14;1990-05-13
1376;Степан Орлов;Салават, Полевая ул., д.57;Нальчик, Фурманова ул., д.3;1992-12-24
1377;Елисей Петров;Петрозаводск, Светлая ул., д.95;Дзержинск, Песчаная ул., д.3;1992-12-21
1378;Владислав Савин;Волгодонск, Красная ул., д.67;Симферополь, Титова ул., д.84;1993-07-11
1379;Иван Баранов;Владимир, Уральская ул., д.96;Липецк, Больничная ул., д.73;1995-01-31
1380;Данил Калинин;Шахты, Заречная ул., д.6;Владивосток, Дорожная ул., д.35;1999-04-26
1381;Дмитрий Егоров;Калуга, Горная ул., д.20;Находка, Клубная ул., д.56;1992-03-18
1382;Глеб Ефимов;Октябрьский, Мостовая ул., д.47;Первоуральск, Широкая ул., д.83;1998-10-19
1383;Данил Бирюков;Сочи, Некрасова ул., д.15;Омск, Подгорная ул., д.97;1995-01-19
1384;Виктор Малышев;Рыбинск, Овражная ул., д.4;Сергиев Посад, Центральная ул., д.48;1998-10-26
1385;Макар Королев;Новошахтинск, Заводской пер., д.80;Курск, Северный пер., д.74;1998-04-04
1386;Алексей Беляев;Йошкар-Ола, Западная ул., д.3;Томск, Российская ул., д.39;1991-10-09
1387;Елисей Фадеев;Екатеринбург, Белинского ул., д.48;Псков, Мирная ул., д.10;1996-07-21
1388;Арсений Воробьев;Санкт-Петербург, Промышленная ул., д.19;Раменское, Октябрьская ул., д.54;2000-10-18
1389;Кирилл Кудрявцев;Казань, Толстого ул., д.58;Липецк, Советская ул., д.66;1997-08-06
1390;Виктор Коновалов;Нефтекамск, Южная ул., д.87;Брянск, Привокзальная ул., д.62;1991-09-02
1391;Арсений Быков;Улан-Удэ, 1-Мая ул., д.74;Курган, Магистральная ул., д.59;1994-11-08
1392;Евгений Савельев;Великий Новгород, Лесная ул., д.3;Оренбург, Володарского ул., д.79;1992-09-01
1393;Виктор Кузин;Саратов, Куйбышева ул., д.90;Тверь, Северная ул., д.24;1998-06-05
1394;Лев Жданов;Волжский, Светлая ул., д.99;Северодвинск, Рабочая ул., д.77;1996-08-03
1395;Игорь Сидоров;Дзержинск, Кирпичная ул., д.53;Уссурийск, Трудовая ул., д.14;1993-08-05
1396;Игорь Гришин;Люберцы, Дачная ул., д.63;Нижневартовск, Гражданская ул., д.72;1991-09-05
1397;Владислав Щербаков;Щёлково, Трактовая ул., д.95;Мурманск, Энтузиастов ул., д.25;1996-06-15
1398;Андрей Дроздов;Архангельск, Мира ул., д.14;Бердск, 50 лет Победы ул., д.96;1998-02-09
1399;Степан Малышев;Ногинск, Школьный пер., д.53;Казань, Солнечная ул., д.74;1993-12-27
1400;Тимофей Мальцев;Чита, Щорса ул., д.63;Волжский, Молодежный пер., д.40;2000-05-19
1401;Иван Андреев;Киров, Магистральная ул., д.13;Домодедово, Магистральная ул., д.63;1998-06-07
1402;Арсений Дементьев;Набережные Челны, Фестивальная ул., д.42;Батайск, Котовского ул., д.18;1998-08-24
1403;Мирон Колесников;Кисловодск, Магистральная ул., д.7;Таганрог, Островского ул., д.20;1997-09-22
1404;Дмитрий Оспанов;Ессентуки, Солнечный пер., д.43;Калининград, Колхозная ул., д.8;1997-11-22
1405;Данил Соловьев;Челябинск, Крупской ул., д.68;Тула, Пионерская ул., д.1;1993-06-21
1406;Игорь Ильин;Муром, Ключевая ул., д.23;Тамбов, Луначарского ул., д.49;1998-07-22
1407;Степан Коротков;Хабаровск, Лесная ул., д.89;Уссурийск, Пушкина ул., д.74;1990-08-28
1408;Константин Орлов;Череповец, Станционная ул., д.71;Уфа, Центральная ул., д.10;1999-11-09
1409;Данил Исаев;Кемерово, Белинского ул., д.68;Екатеринбург, Терешковой ул., д.49;1993-01-28
1410;Михаил Галкин;Новый Уренгой, Матросова ул., д.28;Прокопьевск, Заречная ул., д.56;1997-01-06
1411;Виталий Чернышев;Череповец, Солнечный пер., д.24;Рыбинск, Верхняя ул., д.96;1995-03-16
1412;Кирилл Попов;Волгоград, Западный пер., д.15;Ковров, Буденного ул., д.92;2000-03-07
1413;Андрей Дмитриев;Старый Оскол, Механизаторов ул., д.18;Пенза, Заречная ул., д.77;1996-12-11
1414;Тимофей Иванов;Красногорск, Песчаная ул., д.1;Сыктывкар, Декабристов ул., д.36;1995-08-12
1415;Егор Быков;Армавир, Уральская ул., д.13;Иваново, Комсомольская ул., д.99;1993-07-17
1416;Константин Герасимов;Курск, Промышленная ул., д.39;Рыбинск, Октябрьская ул., д.58;1992-07-15
1417;Юрий Федотов;Волгоград, Уральская ул., д.60;Астрахань, Заводской пер., д.36;1994-07-11
1418;Николай Романов;Щёлково, Кирова ул., д.19;Серпухов, Ворошилова ул., д.15;1993-09-16
1419;Макар Киселев;Арзамас, Северный пер., д.89;Обнинск, Солнечная ул., д.92;1996-07-07
1420;Роман Громов;Бердск, Победы ул., д.34;Москва, Гаражная ул., д.22;1994-07-28
1421;Андрей Карпов;Тюмень, Промышленная ул., д.46;Элиста, Партизанская ул., д.14;1991-04-16
1422;Николай Комаров;Брянск, Парковая ул., д.73;Артем, Чапаева ул., д.73;1997-07-22
1423;Тимур Грачев;Барнаул, Новый пер., д.1;Раменское, Энергетиков ул., д.48;1994-04-25
1424;Даниил Ковалев;Ярославль, Ленина ул., д.57;Дзержинск, Энтузиастов ул., д.97;1997-11-29
1425;Олег Фокин;Серпухов, Майская ул., д.24;Южно-Сахалинск, Герцена ул., д.21;1993-10-20
1426;Виталий Чернышев;Вологда, Коммунистическая ул., д.89;Арзамас, Парковая ул., д.92;1999-02-23
1427;Ярослав Титов;Нефтеюганск, Тихая ул., д.9;Кызыл, Чайковского ул., д.92;1997-11-21
1428;Виктор Савин;Ногинск, Гражданская ул., д.12;Бердск, Ворошилова ул., д.8;1997-11-21
1429;Иван Кириллов;Елец, Дачная ул., д.61;Красногорск, Пионерский пер., д.87;1997-07-06
1430;Артём Захаров;Щёлково, Парковая ул., д.54;Уфа, Майская ул., д.30;1990-11-01
1431;Максим Калашников;Нефтеюганск, Володарского ул., д.23;Сергиев Посад, 50 лет Победы ул., д.25;1995-02-17
1432;Арсений Дмитриев;Нижневартовск, Лазо ул., д.41;Ярославль, Трактовая ул., д.23;1993-01-10
1433;Игорь Виноградов;Курск, Песчаная ул., д.79;Коломна, Дальняя ул., д.97;1999-04-17
1434;Николай Демидов;Великий Новгород, Базарная ул., д.81;Обнинск, Садовый пер., д.16;1993-09-05
1435;Егор Лазарев;Ярославль, Заводской пер., д.56;Магнитогорск, Крестьянская ул., д.60;1997-10-12
1436;Мирон Некрасов;Калуга, Калинина ул., д.57;Курск, Интернациональная ул., д.22;1998-04-07
1437;Данил Ильин;Тверь, Крестьянская ул., д.30;Майкоп, Фабричная ул., д.44;1990-09-30
1438;Дмитрий Васильев;Первоуральск, Первомайский пер., д.96;Кызыл, Восточная ул., д.75;2000-07-26
1439;Павел Лебедев;Ангарск, Северная ул., д.98;Обнинск, Интернациональная ул., д.94;1992-02-15
1440;Макар Михеев;Ижевск, Комарова ул., д.83;Саратов, Новая ул., д.74;1994-12-17
1441;Макар Акимов;Калининград, Островского ул., д.78;Челябинск, Западный пер., д.5;1998-03-30
1442;Ярослав Юдин;Улан-Удэ, Дачная ул., д.47;Черкесск, Кирпичная ул., д.83;1999-01-26
1443;Никита Моисеев;Новошахтинск, Мирная ул., д.29;Псков, Труда ул., д.95;1991-05-21
1444;Глеб Громов;Волгодонск, Дачная ул., д.32;Нижний Тагил, Труда ул., д.54;1993-08-12
1445;Евгений Краснов;Березники, Родниковая ул., д.27;Димитровград, Верхняя ул., д.51;1993-09-22
1446;Артур Юдин;Благовещенск, Школьная ул., д.41;Щёлково, Речная ул., д.32;1997-01-18
1447;Семен Ефимов;Старый Оскол, Интернациональная ул., д.39;Нижнекамск, Красноармейская ул., д.27;1991-12-02
1448;Степан Власов;Нижний Тагил, Колхозная ул., д.3;Красногорск, Белинского ул., д.76;2000-05-07
1449;Антон Горшков;Электросталь, Советский пер., д.54;Новокузнецк, Крупской ул., д.76;1995-04-03
1450;Лев Ахметов;Елец, Линейная ул., д.6;Балашиха, Молодежная ул., д.27;1996-01-06
1451;Дмитрий Никулин;Омск, Труда ул., д.91;Череповец, Пионерская ул., д.80;1998-02-15
1452;Арсений Майоров;Грозный, Интернациональная ул., д.2;Чебоксары, Почтовый пер., д.57;1997-02-26
1453;Степан Никулин;Невинномысск, Красная ул., д.83;Москва, Советская ул., д.49;1994-04-18
1454;Артём Дроздов;Ангарск, Сосновая ул., д.71;Иваново, Северная ул., д.21;2000-03-29
1455;Иван Захаров;Новошахтинск, Новая ул., д.1;Норильск, Декабристов ул., д.51;1995-02-14
1456;Мирон Тарасов;Нефтекамск, Победы ул., д.94;Уссурийск, Энергетиков ул., д.96;1990-11-15
1457;Артур Потапов;Новокузнецк, Орджоникидзе ул., д.75;Керчь, Центральная ул., д.92;1995-10-14
1458;Степан Логинов;Хабаровск, Строительная ул., д.87;Чита, Пионерский пер., д.50;1995-08-17
1459;Тимур Серов;Тюмень, Колхозная ул., д.32;Ростов-на-Дону, Крупской ул., д.27;1990-03-02
1460;Руслан Климов;Южно-Сахалинск, Фрунзе ул., д.79;Саратов, Крестьянская ул., д.95;1998-11-28
1461;Руслан Калашников;Пятигорск, Майская ул., д.41;Рубцовск, Рабочий пер., д.94;1994-11-28
1462;Захар Ибрагимов;Краснодар, Фрунзе ул., д.56;Нижний Новгород, Гагарина ул., д.18;1997-04-15
1463;Владислав Кузин;Нижний Новгород, Кооперативная ул., д.38;Великий Новгород, Чапаева ул., д.6;1990-10-29
1464;Лев Еремин;Комсомольск-на-Амуре, Вокзальная ул., д.82;Белгород, Партизанская ул., д.87;1993-10-02
1465;Николай Морозов;Армавир, Пугачева ул., д.91;Таганрог, Почтовый пер., д.28;2000-08-29
1466;Артур Виноградов;Первоуральск, Дзержинского ул., д.90;Иваново, Красноармейская ул., д.84;2000-12-08
1467;Елисей Титов;Миасс, Декабристов ул., д.8;Томск, Солнечная ул., д.35;1996-11-26
1468;Кирилл Андреев;Жуковский, Мира ул., д.83;Шахты, Подгорная ул., д.1;1993-03-08
1469;Константин Нестеров;Смоленск, Родниковая ул., д.96;Псков, Пугачева ул., д.16;1996-02-18
1470;Павел Марков;Нефтеюганск, Тургенева ул., д.5;Салават, лет Октября ул., д.98;1991-12-28
1471;Макар Тихонов;Ижевск, Новоселов ул., д.49;Новороссийск, Студенческая ул., д.83;1995-02-09
1472;Лев Фокин;Каспийск, Мичурина ул., д.64;Белгород, Магистральная ул., д.44;1999-04-07
1473;Данил Мухин;Комсомольск-на-Амуре, Титова ул., д.85;Махачкала, Ватутина ул., д.3;2000-07-25
1474;Виктор Попов;Елец, Трактовая ул., д.23;Нижний Новгород, Ворошилова ул., д.39;1990-05-29
1475;Владислав Садыков;Новосибирск, Майская ул., д.93;Елец, Октябрьская ул., д.32;2000-06-19
1476;Игорь Марков;Петропавловск-Камчатский, Ворошилова ул., д.81;Екатеринбург, Есенина ул., д.18;1995-01-31
1477;Максим Алиев;Оренбург, Герцена ул., д.56;Керчь, Есенина ул., д.63;1991-02-21
1478;Артём Котов;Арзамас, Почтовый пер., д.16;Тверь, Больничная ул., д.91;1999-04-29
1479;Олег Хохлов;Копейск, Больничный пер., д.26;Екатеринбург, Герцена ул., д.87;1990-07-11
1480;Степан Оспанов;Кисловодск, Зеленый пер., д.66;Волгоград, Заводская ул., д.49;1999-03-25
1481;Вадим Мартынов;Братск, Белинского ул., д.23;Нефтеюганск, Озерная ул., д.31;1992-07-14
1482;Дмитрий Серов;Барнаул, Светлая ул., д.60;Балаково, Железнодорожная ул., д.47;2000-05-29
1483;Данил Виноградов;Калуга, Луначарского ул., д.38;Обнинск, Мичурина ул., д.31;1996-03-22
1484;Глеб Беляков;Кисловодск, Строителей ул., д.44;Щёлково, Титова ул., д.54;1991-01-09
1485;Тимофей Грачев;Балаково, Зеленая ул., д.82;Владикавказ, Колхозный пер., д.55;1993-03-18
1486;Ярослав Лукьянов;Липецк, Садовый пер., д.27;Пятигорск, Мирная ул., д.25;1995-12-14
1487;Макар Назаров;Пенза, Озерная ул., д.9;Новый Уренгой, Заводской пер., д.78;1997-08-14
1488;Руслан Прокофьев;Стерлитамак, Вишневая ул., д.88;Смоленск, Фурманова ул., д.24;1992-07-06
1489;Богдан Воронов;Кемерово, Дружбы ул., д.3;Тула, Садовый пер., д.75;1996-06-20
1490;Тимур Калиев;Домодедово, 50 лет Победы ул., д.90;Волгодонск, Шоссейная ул., д.21;1998-09-30
1491;Тимур Быков;Благовещенск, Комарова ул., д.10;Тюмень, Кутузова ул., д.78;1998-04-09
1492;Руслан Исмаилов;Дербент, Гайдара ул., д.90;Элиста, Родниковая ул., д.33;1999-03-14
1493;Роман Фомин;Комсомольск-на-Амуре, Октябрьская ул., д.46;Новороссийск, Заводской пер., д.31;1997-03-29
1494;Семен Демидов;Обнинск, Пролетарская ул., д.64;Смоленск, Белинского ул., д.80;1991-09-10
1495;Алексей Жданов;Сочи, Тихая ул., д.32;Тюмень, Пушкина ул., д.25;1992-06-04
1496;Даниил Богданов;Смоленск, Весенняя ул., д.60;Великий Новгород, Пионерская ул., д.79;1990-07-12
1497;Кирилл Блинов;Барнаул, Тургенева ул., д.7;Петропавловск-Камчатский, Вишневая ул., д.89;1994-08-19
1498;Дмитрий Овчинников;Рязань, Песчаная ул., д.65;Екатеринбург, Чкалова ул., д.98;2000-02-22
1499;Илья Мельников;Братск, Почтовая ул., д.45;Ногинск, Заводской пер., д.2;2000-12-09
1500;Артур Садыков;Ярославль, Почтовая ул., д.46;Набережные Челны, Гражданская ул., д.41;1998-02-10
1501;Константин Елисеев;Люберцы, Лазо ул., д.78;Новомосковск, Чайковского ул., д.2;1996-03-24
1502;Александр Сидоров;Люберцы, Клубная ул., д.94;Волжский, Гражданская ул., д.40;1991-01-15
1503;Алексей Омаров;Орск, Московская ул., д.74;Пятигорск, Урицкого ул., д.51;1999-12-14
1504;Виктор Матвеев;Новочеркасск, Крупской ул., д.87;Якутск, Луговая ул., д.66;2000-09-25
1505;Владислав Крылов;Альметьевск, перечень улиц России., д.48;Арзамас, Южная ул., д.77;1992-02-20
1506;Арсений Смирнов;Киров, Нагорная ул., д.51;Новокузнецк, Студенческая ул., д.93;1994-09-28
1507;Богдан Беляков;Новомосковск, Гоголя ул., д.4;Петропавловск-Камчатский, Чапаева ул., д.62;1995-04-20
1508;Вадим Кудрявцев;Шахты, Суворова ул., д.84;Иркутск, Садовый пер., д.79;1998-01-23
1509;Владислав Кузьмин;Севастополь, Уральская ул., д.15;Кызыл, Березовая ул., д.96;1997-10-14
1510;Ярослав Ким;Нефтекамск, Ключевая ул., д.70;Сургут, Пионерская ул., д.38;1998-08-30
1511;Богдан Литвинов;Пятигорск, Титова ул., д.10;Липецк, Шоссейная ул., д.92;2000-09-12
1512;Артур Климов;Южно-Сахалинск, Комсомольская ул., д.1;Якутск, Колхозный пер., д.22;1999-02-21
1513;Егор Симонов;Петрозаводск, Пионерская ул., д.25;Норильск, Южный пер., д.34;2000-06-18
1514;Даниил Власов;Благовещенск, Солнечный пер., д.79;Пятигорск, Пролетарская ул., д.47;1997-08-10
1515;Сергей Миронов;Ессентуки, Свердлова ул., д.14;Улан-Удэ, Первомайская ул., д.5;1996-08-27
1516;Антон Крылов;Шахты, Новая ул., д.82;Елец, Спортивная ул., д.12;1991-08-21
1517;Арсений Калинин;Альметьевск, Гаражная ул., д.49;Чебоксары, Почтовый пер., д.16;1996-08-18
1518;Егор Левин;Пермь, Красноармейская ул., д.87;Ковров, перечень улиц России., д.9;1991-11-26
1519;Тимофей Симонов;Северодвинск, Комарова ул., д.60;Санкт-Петербург, Кирпичная ул., д.39;1991-02-24
1520;Алексей Рыбаков;Омск, Почтовая ул., д.9;Иваново, Белинского ул., д.27;1990-10-21
1521;Семен Калашников;Люберцы, Кольцевая ул., д.66;Майкоп, Степная ул., д.1;1998-12-14
1522;Антон Овчинников;Копейск, Зеленый пер., д.94;Новый Уренгой, Чернышевского ул., д.77;1999-03-25
1523;Макар Михайлов;Махачкала, Парковая ул., д.24;Димитровград, перечень улиц России., д.5;1995-01-16
1524;Артём Еремин;Рязань, Больничная ул., д.66;Октябрьский, Подгорная ул., д.18;1992-03-25
1525;Артур Леонов;Ангарск, Революционная ул., д.85;Челябинск, Нижняя ул., д.81;1991-02-06
1526;Захар Лукьянов;Муром, Механизаторов ул., д.27;Дзержинск, Дзержинского ул., д.41;1992-04-07
1527;Даниил Александров;Астрахань, Рабочий пер., д.39;Москва, Некрасова ул., д.91;2000-04-07
1528;Максим Назаров;Воронеж, Крупской ул., д.46;Рыбинск, Володарского ул., д.46;1993-04-27
1529;Иван Зуев;Уссурийск, Герцена ул., д.85;Новомосковск, Комсомольский пер., д.17;1995-04-19
1530;Олег Кузин;Северск, Степная ул., д.4;Самара, Герцена ул., д.27;1993-01-06
1531;Матвей Дементьев;Электросталь, Котовского ул., д.54;Северодвинск, Кирпичная ул., д.22;1993-09-24
1532;Илья Сафонов;Шахты, Матросова ул., д.66;Южно-Сахалинск, Родниковая ул., д.40;1995-07-12
1533;Елисей Логинов;Владикавказ, Береговая ул., д.83;Нижнекамск, Новый пер., д.84;1999-08-16
1534;Елисей Белов;Елец, Кольцевая ул., д.13;Волжский, 50 лет Победы ул., д.22;1993-12-09
1535;Руслан Сергеев;Владимир, Революционная ул., д.9;Казань, Красная ул., д.7;1996-01-01
1536;Илья Никулин;Орёл, Гайдара ул., д.24;Тюмень, Тельмана ул., д.86;1998-05-04
1537;Арсений Афанасьев;Серпухов, 50 лет Победы ул., д.28;Воронеж, Кирпичная ул., д.63;1998-01-19
1538;Андрей Бобров;Ставрополь, Нижняя ул., д.30;Улан-Удэ, Рабочий пер., д.19;1991-10-19
1539;Тимур Никифоров;Белгород, Восточная ул., д.44;Мурманск, Береговая ул., д.48;1992-09-22
1540;Богдан Денисов;Пятигорск, Горная ул., д.63;Невинномысск, Интернациональная ул., д.36;1996-01-06
1541;Вадим Ефремов;Череповец, Полевая ул., д.12;Мурманск, Новая ул., д.36;2000-04-02
1542;Павел Григорьев;Находка, Садовый пер., д.53;Новороссийск, Белинского ул., д.92;1991-04-12
1543;Данил Софронов;Владивосток, Титова ул., д.25;Якутск, Западная ул., д.50;2000-10-16
1544;Илья Соколов;Пятигорск, Целинная ул., д.80;Орёл, Студенческая ул., д.43;1999-01-21
1545;Константин Литвинов;Сочи, Тихая ул., д.21;Тверь, Дальняя ул., д.18;2000-02-19
1546;Кирилл Федотов;Владикавказ, Железнодорожная ул., д.60;Волгодонск, Тихий пер., д.98;2000-04-30
1547;Игорь Филатов;Ессентуки, Молодежная ул., д.3;Владимир, Ленина ул., д.60;1994-04-08
1548;Владислав Белов;Пермь, Октябрьский пер., д.39;Обнинск, Южный пер., д.26;1992-06-20
1549;Данил Дементьев;Шахты, Центральная ул., д.95;Люберцы, Восточная ул., д.17;1991-02-24
1550;Игорь Куликов;Батайск, Светлая ул., д.99;Невинномысск, Верхняя ул., д.94;1995-04-22
1551;Михаил Захаров;Березники, Станционная ул., д.87;Симферополь, Тихий пер., д.43;1998-01-20
1552;Сергей Демидов;Северодвинск, Клубная ул., д.29;Рязань, Луговая ул., д.51;1995-09-19
1553;Алексей Николаев;Белгород, Крылова ул., д.26;Орехово-Зуево, Дачная ул., д.6;1995-04-29
1554;Михаил Овчинников;Элиста, Ленинградская ул., д.96;Екатеринбург, Гоголя ул., д.89;1998-10-15
1555;Савелий Васильев;Краснодар, Цветочная ул., д.60;Ульяновск, Клубная ул., д.65;1997-04-30
1556;Глеб Грачев;Владивосток, Комарова ул., д.29;Артем, Парковая ул., д.46;1993-06-21
1557;Игорь Филатов;Курск, Школьная ул., д.68;Мытищи, Северная ул., д.31;1996-01-29
1558;Глеб Петухов;Октябрьский, Почтовая ул., д.91;Артем, Нагорная ул., д.20;1995-03-24
1559;Павел Смирнов;Нижний Тагил, Шоссейная ул., д.94;Мытищи, Сибирская ул., д.17;1992-09-11
1560;Илья Филиппов;Норильск, Солнечная ул., д.12;Томск, Первомайская ул., д.33;1990-02-06
1561;Егор Маслов;Ростов-на-Дону, Матросова ул., д.87;Псков, Заречная ул., д.43;1994-10-01
1562;Савелий Климов;Киров, Нагорная ул., д.2;Смоленск, Энгельса ул., д.44;1992-04-09
1563;Игорь Устинов;Иваново, Маяковского ул., д.19;Домодедово, Чайковского ул., д.53;1992-02-14
1564;Игорь Михеев;Стерлитамак, Сиреневая ул., д.66;Октябрьский, Сосновая ул., д.94;2000-11-22
1565;Виктор Леонтьев;Омск, Маяковского ул., д.23;Черкесск, Российская ул., д.49;1992-11-29
1566;Даниил Тимофеев;Старый Оскол, Тихая ул., д.6;Ярославль, Социалистическая ул., д.65;1996-11-26
1567;Егор Ильин;Тольятти, Кутузова ул., д.88;Красногорск, Совхозная ул., д.60;1994-08-08
1568;Елисей Павлов;Новосибирск, Звездная ул., д.45;Ульяновск, Тимирязева ул., д.52;1991-01-19
1569;Олег Гусев;Великий Новгород, Солнечный пер., д.81;Красноярск, Мелиораторов ул., д.94;1999-05-28
1570;Руслан Леонтьев;Сочи, Уральская ул., д.55;Набережные Челны, Чкалова ул., д.86;1994-04-17
1571;Дмитрий Фролов;Электросталь, Станционная ул., д.97;Ярославль, Вишневая ул., д.48;1998-08-01
1572;Макар Борисов;Нефтекамск, Парковая ул., д.39;Череповец, Речная ул., д.84;1993-05-30
1573;Никита Мартынов;Нефтеюганск, Титова ул., д.57;Кострома, Карла Маркса ул., д.65;1996-02-21
1574;Дмитрий Казаков;Владикавказ, Пролетарская ул., д.10;Тюмень, Кооперативная ул., д.77;1995-05-22
1575;Константин Фадеев;Армавир, Фурманова ул., д.5;Евпатория, Шевченко ул., д.69;1991-02-22
1576;Сергей Ким;Махачкала, Первомайская ул., д.74;Копейск, Набережная ул., д.59;1997-12-11
1577;Богдан Смирнов;Евпатория, Садовый пер., д.68;Сургут, Пролетарская ул., д.20;1994-08-24
1578;Данил Ефимов;Пушкино, Пионерский пер., д.99;Белгород, КМаркса ул., д.73;1999-04-19
1579;Дмитрий Зуев;Новороссийск, Суворова ул., д.88;Ноябрьск, Профсоюзная ул., д.57;1994-11-24
1580;Егор Беляков;Элиста, Коммунистическая ул., д.37;Щёлково, Дачная ул., д.94;1997-12-26
1581;Семен Терентьев;Калуга, Победы ул., д.29;Абакан, Звездная ул., д.42;1996-05-11
1582;Иван Литвинов;Рязань, Свердлова ул., д.11;Новороссийск, лет Октября ул., д.3;1991-05-23
1583;Марк Федоров;Краснодар, Труда ул., д.27;Курск, Целинная ул., д.98;1996-09-06
1584;Глеб Муравьев;Волгоград, Садовая ул., д.20;Нефтекамск, Овражная ул., д.45;1995-03-20
1585;Вячеслав Ушаков;Ижевск, Российская ул., д.40;Тольятти, Береговая ул., д.23;1999-09-06
1586;Марк Медведев;Димитровград, Восточная ул., д.93;Нижний Новгород, Магистральная ул., д.32;1999-02-23
1587;Денис Галкин;Грозный, Речной пер., д.3;Нефтеюганск, Орджоникидзе ул., д.19;1999-12-21
1588;Евгений Васильев;Кемерово, Островского ул., д.98;Шахты, Заводская ул., д.15;1996-05-22
1589;Евгений Потапов;Артем, Матросова ул., д.4;Ульяновск, Транспортная ул., д.62;1998-10-08
1590;Артём Платонов;Нальчик, Западная ул., д.3;Новокузнецк, Гражданская ул., д.41;1996-10-16
1591;Глеб Тихомиров;Калининград, Линейная ул., д.33;Махачкала, Крупской ул., д.9;1992-01-21
1592;Виталий Семенов;Елец, Новоселов ул., д.28;Элиста, Звездная ул., д.89;1990-11-02
1593;Евгений Цветков;Махачкала, Подгорная ул., д.71;Энгельс, Заводская ул., д.3;1996-02-01
1594;Николай Галкин;Белгород, Пушкина ул., д.56;Камышин, Студенческая ул., д.20;1999-08-17
1595;Александр Попов;Нижневартовск, Сосновая ул., д.23;Королёв, Энтузиастов ул., д.56;1990-12-15
1596;Вячеслав Богомолов;Грозный, Северный пер., д.67;Ставрополь, Мелиораторов ул., д.1;1996-09-06
1597;Степан Миронов;Жуковский, Лесная ул., д.4;Щёлково, Мичурина ул., д.80;1995-09-09
1598;Вадим Ким;Саратов, Северная ул., д.21;Астрахань, Крестьянская ул., д.93;1996-02-27
1599;Савелий Власов;Нальчик, Гагарина ул., д.46;Махачкала, Южная ул., д.20;1996-02-03
1600;Тимофей Петров;Бийск, Шевченко ул., д.24;Киров, Кубанская ул., д.11;1999-10-31
1601;Марк Алексеев;Октябрьский, Гаражная ул., д.70;Старый Оскол, Пугачева ул., д.7;1999-04-16
1602;Артур Борисов;Великий Новгород, Озерная ул., д.24;Ногинск, Березовая ул., д.70;1992-12-11
1603;Тимофей Федоров;Элиста, Профсоюзная ул., д.50;Миасс, Мелиораторов ул., д.22;1996-09-21
1604;Михаил Захаров;Ярославль, Комарова ул., д.34;Ачинск, Степная ул., д.22;1994-09-20
1605;Илья Петухов;Муром, Овражная ул., д.60;Ростов-на-Дону, Западная ул., д.70;1994-01-15
1606;Руслан Леонтьев;Петропавловск-Камчатский, Энергетиков ул., д.88;Хасавюрт, Нижняя ул., д.14;1996-03-19
1607;Ярослав Антонов;Златоуст, Энгельса ул., д.84;Томск, Широкая ул., д.60;1994-02-06
1608;Богдан Потапов;Октябрьский, лет Октября ул., д.57;Оренбург, Пионерская ул., д.17;1994-10-10
1609;Матвей Акимов;Пенза, Больничная ул., д.28;Саранск, Пионерский пер., д.72;1998-01-30
1610;Алексей Архипов;Курган, Орджоникидзе ул., д.94;Альметьевск, Народная ул., д.43;1996-03-23
1611;Алексей Никулин;Старый Оскол, Шоссейная ул., д.56;Евпатория, Свободы ул., д.56;1993-05-24
1612;Павел Громов;Салават, Октябрьская ул., д.96;Артем, Транспортная ул., д.13;1990-08-30
1613;Захар Козлов;Бийск, Горная ул., д.60;Череповец, Володарского ул., д.75;1998-11-07
1614;Илья Карпов;Обнинск, Труда ул., д.67;Ростов-на-Дону, Октябрьская ул., д.55;1998-05-13
1615;Ярослав Левин;Орёл, Верхняя ул., д.12;Челябинск, Свердлова ул., д.15;1998-05-16
1616;Алексей Родионов;Кострома, Партизанская ул., д.54;Нефтекамск, Садовая ул., д.54;1999-04-10
1617;Тимур Сергеев;Каспийск, Полевая ул., д.68;Томск, Западный пер., д.87;1993-02-11
1618;Лев Устинов;Старый Оскол, Энергетиков ул., д.82;Октябрьский, Мирная ул., д.74;1991-01-09
1619;Александр Николаев;Калининград, Чайковского ул., д.36;Альметьевск, Ломоносова ул., д.27;1997-10-25
1620;Игорь Мельников;Коломна, Набережная ул., д.98;Электросталь, Матросова ул., д.20;1994-06-16
1621;Макар Евдокимов;Нижний Новгород, Кубанская ул., д.2;Невинномысск, Тельмана ул., д.61;1996-10-09
1622;Николай Прокофьев;Нижнекамск, Трактовая ул., д.10;Новочеркасск, Западная ул., д.24;1993-03-08
1623;Илья Комаров;Мытищи, Колхозная ул., д.87;Тольятти, Кооперативная ул., д.76;1998-09-10
1624;Николай Макаров;Екатеринбург, Горная ул., д.68;Ковров, Рабочая ул., д.60;1994-07-01
1625;Степан Лавров;Щёлково, Кутузова ул., д.96;Владимир, Пролетарская ул., д.32;1991-05-26
1626;Николай Кондратьев;Владикавказ, Западная ул., д.65;Люберцы, Тихий пер., д.27;1994-10-21
1627;Кирилл Богданов;Улан-Удэ, Тихая ул., д.51;Мытищи, Заводской пер., д.89;1996-01-28
1628;Елисей Ершов;Евпатория, Молодежная ул., д.90;Арзамас, Цветочная ул., д.56;1998-05-11
1629;Степан Маслов;Калуга, Некрасова ул., д.38;Балаково, Песчаная ул., д.62;1994-07-19
1630;Илья Давыдов;Смоленск, Тургенева ул., д.6;Арзамас, Почтовый пер., д.27;1998-11-30
1631;Александр Ершов;Самара, Степная ул., д.16;Уссурийск, Луговая ул., д.96;2000-10-25
1632;Лев Иванов;Сергиев Посад, Станционная ул., д.31;Уфа, Школьная ул., д.8;1990-08-29
1633;Евгений Медведев;Псков, Северная ул., д.53;Пермь, Уральская ул., д.32;2000-10-18
1634;Матвей Лебедев;Чебоксары, Станционная ул., д.33;Петропавловск-Камчатский, Коммунистическая ул., д.40;2000-06-20
1635;Вячеслав Быков;Чита, Речной пер., д.84;Каспийск, Дзержинского ул., д.29;1992-12-25
1636;Сергей Гришин;Тверь, Ломоносова ул., д.70;Нефтеюганск, Механизаторов ул., д.45;1993-05-30
1637;Юрий Ефимов;Новосибирск, Ворошилова ул., д.30;Волжский, Больничная ул., д.34;1991-07-18
1638;Алексей Дементьев;Волгоград, Шоссейная ул., д.35;Каспийск, Партизанская ул., д.24;2000-12-22
1639;Алексей Казаков;Северск, Чайковского ул., д.97;Стерлитамак, Маяковского ул., д.33;1999-01-01
1640;Константин Балашов;Нефтеюганск, Колхозный пер., д.98;Новороссийск, Мирная ул., д.62;1999-07-05
1641;Илья Молчанов;Ессентуки, Почтовая ул., д.59;Казань, Чернышевского ул., д.11;1991-07-18
1642;Степан Романов;Новошахтинск, Чернышевского ул., д.42;Ковров, Молодежная ул., д.80;1992-10-31
1643;Виталий Елисеев;Архангельск, Космонавтов ул., д.90;Кемерово, 50 лет Победы ул., д.14;1995-08-07
1644;Егор Наумов;Сызрань, Речная ул., д.40;Бийск, Энтузиастов ул., д.79;1996-12-15
1645;Евгений Журавлев;Благовещенск, Рабочий пер., д.98;Елец, Некрасова ул., д.3;1996-03-23
1646;Матвей Киселев;Северодвинск, Зеленый пер., д.16;Иркутск, Мичурина ул., д.75;1990-06-16
1647;Данил Осипов;Ижевск, Фабричная ул., д.76;Воронеж, Лермонтова ул., д.3;1992-06-21
1648;Данил Юдин;Новочеркасск, Речная ул., д.3;Новошахтинск, Сосновая ул., д.27;1995-11-09
1649;Михаил Родионов;Таганрог, Речная ул., д.69;Рыбинск, Кубанская ул., д.33;2000-09-20
1650;Владимир Дроздов;Тверь, Социалистическая ул., д.61;Братск, Заводской пер., д.89;1998-02-17
1651;Мирон Митрофанов;Волгодонск, Фрунзе ул., д.44;Новочеркасск, Фрунзе ул., д.47;1996-09-14
1652;Илья Воронов;Белгород, Терешковой ул., д.51;Пятигорск, Строительная ул., д.60;1992-02-21
1653;Илья Сафонов;Нефтекамск, Энтузиастов ул., д.71;Ковров, Луначарского ул., д.12;1998-09-04
1654;Игорь Галкин;Люберцы, Новый пер., д.57;Щёлково, Крестьянская ул., д.92;1991-08-15
1655;Матвей Фролов;Новошахтинск, Мелиораторов ул., д.93;Кисловодск, Пушкина ул., д.31;1990-12-12
1656;Марк Тихомиров;Щёлково, Школьный пер., д.5;Липецк, Чернышевского ул., д.92;2000-01-19
1657;Степан Данилов;Домодедово, Фрунзе ул., д.23;Нальчик, Колхозная ул., д.63;1994-10-12
1658;Вячеслав Тихомиров;Керчь, Гагарина ул., д.25;Братск, Мелиораторов ул., д.37;1990-07-11
1659;Михаил Оспанов;Новомосковск, Лермонтова ул., д.87;Коломна, Тихий пер., д.13;1991-04-29
1660;Олег Гришин;Новороссийск, Ленинградская ул., д.59;Улан-Удэ, Титова ул., д.57;1999-05-24
1661;Андрей Родионов;Электросталь, Береговая ул., д.33;Чебоксары, Песчаная ул., д.79;1998-01-30
1662;Виталий Колесников;Москва, Северная ул., д.6;Елец, Московская ул., д.88;1990-05-25
1663;Игорь Евдокимов;Саранск, Луговая ул., д.34;Южно-Сахалинск, Набережная ул., д.97;1998-02-15
1664;Олег Давыдов;Липецк, Орджоникидзе ул., д.40;Якутск, Базарная ул., д.91;1995-06-29
1665;Евгений Терентьев;Химки, Тимирязева ул., д.88;Иваново, Заводской пер., д.7;1996-01-10
1666;Максим Балашов;Мытищи, Садовый пер., д.79;Екатеринбург, Совхозная ул., д.69;1996-08-04
1667;Елисей Грачев;Щёлково, Северный пер., д.86;Прокопьевск, Профсоюзная ул., д.28;1993-03-19
1668;Савелий Прокофьев;Волгодонск, Первомайская ул., д.69;Ижевск, Ленинская ул., д.51;1993-12-14
1669;Иван Алексеев;Нижнекамск, Крестьянская ул., д.76;Грозный, Шевченко ул., д.42;1997-03-30
1670;Илья Гришин;Орск, Комсомольский пер., д.96;Ачинск, Восточная ул., д.30;1994-11-21
1671;Иван Савельев;Элиста, Крылова ул., д.79;Уфа, Социалистическая ул., д.95;1995-03-13
1672;Антон Куликов;Ноябрьск, Фабричная ул., д.71;Балашиха, Березовая ул., д.44;2000-02-14
1673;Артур Калашников;Бердск, Садовый пер., д.21;Камышин, Школьный пер., д.68;2000-02-14
1674;Артур Калинин;Новочебоксарск, Фабричная ул., д.38;Сыктывкар, Космонавтов ул., д.56;1990-11-03
1675;Вадим Анисимов;Обнинск, Механизаторов ул., д.76;Шахты, Почтовый пер., д.92;1996-05-10
1676;Виктор Дроздов;Архангельск, Интернациональная ул., д.89;Дербент, Калинина ул., д.89;1999-05-07
1677;Матвей Калинин;Псков, Солнечная ул., д.53;Нижневартовск, Марта ул., д.6;1997-01-25
1678;Богдан Юдин;Ижевск, Пионерский пер., д.5;Иркутск, Фурманова ул., д.83;1996-11-17
1679;Максим Степанов;Евпатория, Родниковая ул., д.55;Рубцовск, Почтовый пер., д.70;1990-04-29
1680;Антон Хохлов;Электросталь, Заводской пер., д.38;Камышин, Энергетиков ул., д.9;1994-12-08
1681;Алексей Коротков;Миасс, Верхняя ул., д.5;Арзамас, Дружбы ул., д.95;1992-08-05
1682;Константин Гаврилов;Тверь, Новоселов ул., д.25;Жуковский, Фурманова ул., д.49;2000-03-11
1683;Руслан Скворцов;Копейск, Полевая ул., д.11;Ангарск, Станционная ул., д.40;1991-06-26
1684;Юрий Фомин;Калуга, Щорса ул., д.77;Назрань, Комсомольская ул., д.31;1993-11-27
1685;Марк Журавлев;Прокопьевск, Тургенева ул., д.22;Бердск, Есенина ул., д.98;1991-01-28
1686;Юрий Искаков;Старый Оскол, Карла Маркса ул., д.93;Ярославль, Ватутина ул., д.67;1999-04-26
1687;Артём Бирюков;Невинномысск, Социалистическая ул., д.84;Сыктывкар, Солнечная ул., д.79;1991-03-02
1688;Макар Платонов;Иваново, Чапаева ул., д.8;Уфа, Зеленая ул., д.34;1995-06-21
1689;Олег Сидоров;Ижевск, Садовый пер., д.10;Волгодонск, Ломоносова ул., д.31;1998-04-29
1690;Семен Терентьев;Новороссийск, Сибирская ул., д.31;Старый Оскол, Больничная ул., д.23;1999-07-02
1691;Иван Денисов;Ульяновск, Транспортная ул., д.17;Новошахтинск, Партизанская ул., д.85;1993-07-20
1692;Никита Коновалов;Стерлитамак, Кирова ул., д.94;Сочи, Родниковая ул., д.1;1993-04-03
1693;Сергей Панов;Курск, Октябрьский пер., д.98;Димитровград, Гражданская ул., д.17;1992-11-20
1694;Иван Искаков;Нефтекамск, 50 лет Победы ул., д.68;Рыбинск, Нагорная ул., д.99;1999-10-26
1695;Егор Савин;Краснодар, Кооперативная ул., д.33;Балашиха, Гаражная ул., д.35;1999-05-10
1696;Богдан Морозов;Балашиха, Садовый пер., д.21;Ноябрьск, Островского ул., д.9;1991-04-23
1697;Степан Маслов;Сыктывкар, Первомайский пер., д.37;Одинцово, Ленинская ул., д.64;1999-01-24
1698;Павел Плотников;Новомосковск, Нижняя ул., д.60;Новокузнецк, Лесная ул., д.28;1994-01-10
1699;Константин Белоусов;Дзержинск, Береговая ул., д.40;Армавир, Нагорная ул., д.78;1992-04-01
1700;Даниил Савин;Рубцовск, Тельмана ул., д.53;Ульяновск, Тихий пер., д.37;2000-10-23
1701;Максим Королев;Альметьевск, Пролетарская ул., д.8;Волжский, Береговая ул., д.78;1997-09-27
1702;Макар Куликов;Норильск, Заречная ул., д.20;Петрозаводск, Первомайская ул., д.54;1996-03-05
1703;Владимир Емельянов;Петрозаводск, Октябрьская ул., д.63;Стерлитамак, Тургенева ул., д.58;1994-01-08
1704;Матвей Захаров;Калининград, Гоголя ул., д.47;Калуга, Коммунистическая ул., д.8;1995-08-02
1705;Тимофей Фокин;Астрахань, Комарова ул., д.72;Шахты, Чайковского ул., д.80;1993-11-28
1706;Тимур Кондратьев;Киров, Новый пер., д.79;Дербент, Дачная ул., д.44;1991-12-19
1707;Степан Ушаков;Нижний Тагил, Рабочая ул., д.96;Красногорск, Суворова ул., д.49;1990-07-06
1708;Ярослав Семенов;Пенза, Фрунзе ул., д.66;Ачинск, Чапаева ул., д.41;1991-04-20
1709;Лев Козлов;Санкт-Петербург, Майская ул., д.33;Елец, лет Октября ул., д.71;1998-12-24
1710;Максим Никулин;Тюмень, Майская ул., д.78;Благовещенск, Толстого ул., д.3;1991-11-10
1711;Елисей Тимофеев;Грозный, Лермонтова ул., д.83;Севастополь, Песчаная ул., д.28;1992-04-08
1712;Илья Михайлов;Химки, Ключевая ул., д.33;Подольск, Северная ул., д.47;1995-06-24
1713;Тимур Елисеев;Тамбов, КМаркса ул., д.32;Жуковский, Чапаева ул., д.8;1993-10-28
1714;Тимофей Соболев;Одинцово, Энгельса ул., д.71;Красноярск, Декабристов ул., д.26;1998-12-06
1715;Артур Виноградов;Мытищи, Мелиораторов ул., д.22;Владивосток, Лесная ул., д.63;1998-12-29
1716;Константин Еремин;Владимир, Промышленная ул., д.99;Архангельск, Школьный пер., д.31;1993-03-24
1717;Кирилл Марков;Одинцово, Первомайский пер., д.62;Новочеркасск, Набережная ул., д.5;1993-07-25
1718;Виктор Алиев;Санкт-Петербург, Звездная ул., д.66;Иркутск, Майская ул., д.70;1990-07-01
1719;Андрей Калашников;Ачинск, Речной пер., д.95;Прокопьевск, Парковая ул., д.33;1999-09-08
1720;Семен Новиков;Тамбов, Крупской ул., д.49;Челябинск, Интернациональная ул., д.32;1990-09-19
1721;Марк Устинов;Комсомольск-на-Амуре, Вишневая ул., д.16;Вологда, Свободы ул., д.70;1994-02-17
1722;Константин Рябов;Назрань, Линейная ул., д.82;Альметьевск, Ватутина ул., д.55;1990-06-15
1723;Артур Михеев;Подольск, Партизанская ул., д.24;Пушкино, Лермонтова ул., д.66;1997-08-05
1724;Сергей Мальцев;Калуга, Лесная ул., д.19;Сургут, Труда ул., д.84;1995-05-31
1725;Елисей Орлов;Мурманск, Клубная ул., д.44;Ангарск, Сосновая ул., д.57;1998-07-21
1726;Константин Беляков;Подольск, Пионерский пер., д.41;Череповец, Крылова ул., д.82;1990-05-27
1727;Степан Воронов;Ковров, Мостовая ул., д.48;Омск, Широкая ул., д.16;1993-11-08
1728;Степан Галкин;Воронеж, Восточная ул., д.46;Владикавказ, Труда ул., д.5;1999-01-26
1729;Артур Ким;Вологда, Крылова ул., д.57;Уфа, Зеленая ул., д.40;1991-01-04
1730;Артур Кузнецов;Воронеж, Строителей ул., д.72;Красноярск, Мирная ул., д.89;1994-06-29
1731;Андрей Исмаилов;Благовещенск, Советская ул., д.30;Нефтеюганск, Интернациональная ул., д.40;1995-12-11
1732;Арсений Ким;Ачинск, Западная ул., д.43;Пермь, Тихая ул., д.98;1996-06-17
1733;Никита Исмаилов;Пушкино, Овражная ул., д.35;Улан-Удэ, Дружбы ул., д.26;1990-08-16
1734;Игорь Казаков;Хабаровск, Ключевая ул., д.52;Новочебоксарск, Первомайский пер., д.18;1990-01-20
1735;Семен Николаев;Назрань, Таежная ул., д.84;Димитровград, Некрасова ул., д.29;1995-10-30
1736;Николай Колесников;Находка, Фабричная ул., д.97;Саранск, Орджоникидзе ул., д.1;1995-11-10
1737;Никита Коновалов;Якутск, Вишневая ул., д.72;Шахты, Интернациональная ул., д.81;1998-01-01
1738;Егор Ахметов;Грозный, Дружбы ул., д.64;Хасавюрт, Пионерский пер., д.14;1997-12-05
1739;Роман Гончаров;Керчь, Солнечная ул., д.36;Красногорск, Пролетарская ул., д.45;1994-11-27
1740;Николай Жуков;Ковров, Трактовая ул., д.92;Рязань, Чапаева ул., д.31;1999-04-12
1741;Руслан Молчанов;Киров, Тимирязева ул., д.47;Бийск, Терешковой ул., д.82;1999-07-21
1742;Арсений Осипов;Сочи, Ленина ул., д.86;Первоуральск, Мирная ул., д.54;1993-08-08
1743;Константин Казаков;Оренбург, Солнечная ул., д.94;Ижевск, Студенческая ул., д.84;1998-08-27
1744;Тимур Савин;Самара, Береговая ул., д.57;Киров, Железнодорожная ул., д.88;1996-06-14
1745;Богдан Давыдов;Таганрог, Дзержинского ул., д.10;Санкт-Петербург, Дальняя ул., д.5;1996-07-04
1746;Роман Князев;Пушкино, Коммунистическая ул., д.97;Ноябрьск, Песочная ул., д.90;1996-01-21
1747;Илья Симонов;Иваново, Восточная ул., д.61;Саранск, Тельмана ул., д.77;1992-01-30
1748;Савелий Харитонов;Миасс, Ленина ул., д.39;Белгород, Ленина ул., д.54;1994-07-28
1749;Владислав Родионов;Волгодонск, Луначарского ул., д.3;Первоуральск, Заводской пер., д.16;1992-09-26
1750;Максим Бобров;Майкоп, Революционная ул., д.20;Тула, Терешковой ул., д.24;1994-05-17
1751;Тимофей Новиков;Октябрьский, Карла Маркса ул., д.60;Тамбов, Труда ул., д.99;1994-11-11
1752;Степан Филатов;Томск, Новая ул., д.3;Домодедово, 1-Мая ул., д.32;1995-10-06
1753;Богдан Моисеев;Красногорск, Победы ул., д.1;Иваново, Кольцевая ул., д.16;1996-04-14
1754;Иван Голубев;Махачкала, Западная ул., д.74;Новошахтинск, Вишневая ул., д.6;1998-02-07
1755;Виктор Никитин;Керчь, Озерная ул., д.92;Норильск, Механизаторов ул., д.16;1998-04-19
1756;Евгений Кондратьев;Волгодонск, Центральная ул., д.54;Мытищи, Шевченко ул., д.5;1999-05-02
1757;Виктор Комаров;Нижнекамск, Луначарского ул., д.80;Смоленск, Первомайский пер., д.85;1990-09-05
1758;Лев Леонов;Армавир, Вокзальная ул., д.70;Ковров, Советская ул., д.58;1991-05-14
1759;Андрей Исмаилов;Элиста, Линейная ул., д.14;Севастополь, Урицкого ул., д.50;1992-12-18
1760;Данил Медведев;Волгодонск, Колхозный пер., д.87;Нальчик, Больничный пер., д.29;1995-10-01
1761;Юрий Ершов;Челябинск, Калинина ул., д.10;Батайск, Труда ул., д.67;1996-12-14
1762;Роман Крюков;Альметьевск, Дальняя ул., д.12;Каменск - Уральский, Молодежная ул., д.25;1999-09-17
1763;Артур Платонов;Артем, Народная ул., д.39;Екатеринбург, Базарная ул., д.71;1999-02-17
1764;Юрий Юдин;Домодедово, Пролетарская ул., д.62;Владивосток, Энергетиков ул., д.34;1996-05-13
1765;Сергей Хохлов;Псков, Ленина ул., д.66;Рязань, Цветочная ул., д.71;1995-06-26
1766;Никита Дроздов;Кисловодск, Западный пер., д.40;Нальчик, Красная ул., д.42;1994-09-27
1767;Антон Крылов;Новый Уренгой, Зеленый пер., д.77;Альметьевск, Пионерская ул., д.19;2000-12-15
1768;Артём Фадеев;Чебоксары, Кирова ул., д.95;Иркутск, Заречная ул., д.69;1999-12-02
1769;Руслан Емельянов;Нижневартовск, Весенняя ул., д.82;Йошкар-Ола, Суворова ул., д.5;1993-06-29
1770;Кирилл Елисеев;Северодвинск, Партизанская ул., д.88;Балашиха, Коммунальная ул., д.39;1999-06-12
1771;Руслан Алексеев;Махачкала, Озерная ул., д.79;Симферополь, Совхозная ул., д.38;1993-05-20
1772;Роман Харитонов;Кострома, Больничная ул., д.91;Майкоп, Космонавтов ул., д.56;1994-10-04
1773;Евгений Горшков;Энгельс, Пионерская ул., д.7;Вологда, Нижняя ул., д.25;1996-05-17
1774;Юрий Оспанов;Подольск, Зеленая ул., д.73;Подольск, Зеленый пер., д.60;1998-05-03
1775;Михаил Титов;Кисловодск, Титова ул., д.23;Прокопьевск, Профсоюзная ул., д.49;1998-10-28
1776;Андрей Волков;Симферополь, Дальняя ул., д.84;Казань, Цветочная ул., д.80;1996-10-29
1777;Дмитрий Софронов;Керчь, Механизаторов ул., д.99;Домодедово, Тургенева ул., д.21;1992-09-26
1778;Евгений Лебедев;Екатеринбург, Уральская ул., д.1;Сыктывкар, Свободы ул., д.15;1993-04-17
1779;Артур Ковалев;Елец, Фурманова ул., д.13;Уфа, Транспортная ул., д.42;1998-08-01
1780;Руслан Ершов;Ачинск, Кольцевая ул., д.18;Нижний Новгород, Декабристов ул., д.99;1991-05-28
1781;Игорь Яковлев;Армавир, Котовского ул., д.52;Королёв, Московская ул., д.16;1997-03-09
1782;Павел Крюков;Нижневартовск, Красноармейская ул., д.4;Муром, Целинная ул., д.50;1996-03-03
1783;Егор Гришин;Хабаровск, Парковая ул., д.15;Калуга, Майская ул., д.89;1999-01-11
1784;Семен Тихонов;Дзержинск, Пролетарская ул., д.38;Пенза, Дружбы ул., д.80;1998-07-30
1785;Николай Лазарев;Кисловодск, Чайковского ул., д.25;Артем, Чехова ул., д.2;1996-11-19
1786;Тимофей Дмитриев;Великий Новгород, Котовского ул., д.6;Кемерово, Дружбы ул., д.47;1991-03-03
1787;Макар Васильев;Краснодар, Пролетарская ул., д.8;Октябрьский, Гоголя ул., д.93;1990-07-06
1788;Евгений Савельев;Дербент, Орджоникидзе ул., д.21;Чебоксары, Светлая ул., д.59;1998-06-27
1789;Никита Марков;Камышин, Березовая ул., д.15;Грозный, Дзержинского ул., д.86;1999-11-07
1790;Константин Егоров;Красноярск, Чехова ул., д.3;Пенза, Чапаева ул., д.50;1998-12-04
1791;Ярослав Богомолов;Смоленск, Тургенева ул., д.63;Нижний Тагил, Совхозная ул., д.47;1997-01-10
1792;Макар Никитин;Новошахтинск, Российская ул., д.18;Ессентуки, Чапаева ул., д.26;1991-04-25
1793;Лев Воробьев;Белгород, Тельмана ул., д.52;Норильск, Тихая ул., д.80;1997-12-29
1794;Андрей Тихомиров;Батайск, Школьный пер., д.76;Каспийск, Гоголя ул., д.7;2000-05-24
1795;Вячеслав Родионов;Муром, Березовая ул., д.53;Тольятти, Сиреневая ул., д.34;1996-08-30
1796;Захар Смирнов;Домодедово, Тимирязева ул., д.32;Южно-Сахалинск, Фрунзе ул., д.39;1993-12-30
1797;Макар Савин;Пушкино, Ключевая ул., д.12;Севастополь, Интернациональная ул., д.97;1998-12-02
1798;Тимофей Ковалев;Чебоксары, Солнечная ул., д.30;Москва, Родниковая ул., д.50;1995-06-15
1799;Артём Чернышев;Пермь, Строительная ул., д.76;Севастополь, Промышленная ул., д.37;1998-10-01
1800;Виктор Андреев;Октябрьский, Горная ул., д.13;Брянск, Энгельса ул., д.60;1995-09-25
1801;Руслан Прохоров;Кемерово, Ворошилова ул., д.60;Бердск, Молодежная ул., д.85;1994-06-23
1802;Марк Киселев;Москва, Солнечный пер., д.49;Иваново, Садовая ул., д.90;1998-03-27
1803;Вадим Симонов;Кисловодск, Пионерская ул., д.12;Подольск, Горького ул., д.88;1991-10-15
1804;Савелий Акимов;Пятигорск, Котовского ул., д.82;Батайск, Березовая ул., д.13;1993-03-16
1805;Степан Фролов;Белгород, Подгорная ул., д.19;Нальчик, Комсомольская ул., д.81;1998-01-18
1806;Вадим Антонов;Томск, Крупской ул., д.87;Батайск, Звездная ул., д.42;1991-04-13
1807;Андрей Филатов;Щёлково, Чапаева ул., д.3;Москва, Больничный пер., д.32;1993-02-12
1808;Мирон Миронов;Чита, Уральская ул., д.85;Бийск, Котовского ул., д.69;1995-07-29
1809;Тимур Миронов;Елец, Котовского ул., д.60;Новосибирск, Октябрьский пер., д.89;1996-08-10
1810;Захар Фокин;Ставрополь, Солнечный пер., д.76;Златоуст, Солнечный пер., д.72;1992-05-11
1811;Мирон Романов;Салават, Линейная ул., д.60;Нижний Новгород, Орджоникидзе ул., д.16;1991-05-09
1812;Никита Ковалев;Бийск, Декабристов ул., д.58;Копейск, Заречная ул., д.64;1999-03-13
1813;Константин Прокофьев;Сергиев Посад, Молодежная ул., д.21;Ногинск, КМаркса ул., д.89;1993-07-04
1814;Владимир Миронов;Домодедово, Мостовая ул., д.63;Петропавловск-Камчатский, Мирная ул., д.70;1992-02-09
1815;Захар Моисеев;Владикавказ, Крупской ул., д.91;Находка, Песчаная ул., д.13;1990-07-15
1816;Евгений Ахметов;Тамбов, Сибирская ул., д.29;Домодедово, Крупской ул., д.27;1998-02-16
1817;Денис Литвинов;Подольск, Магистральная ул., д.46;Ногинск, Набережная ул., д.61;1999-01-09
1818;Максим Гусев;Ставрополь, Кирпичная ул., д.70;Йошкар-Ола, Чапаева ул., д.52;1993-05-14
1819;Виктор Еремин;Альметьевск, Герцена ул., д.52;Комсомольск-на-Амуре, Московская ул., д.57;1991-01-26
1820;Денис Комаров;Калуга, Коммунальная ул., д.42;Великий Новгород, Кубанская ул., д.43;1997-05-06
1821;Михаил Кудрявцев;Назрань, Зеленый пер., д.57;Невинномысск, Дружбы ул., д.45;1990-09-02
1822;Семен Балашов;Энгельс, Станционная ул., д.84;Пенза, Фестивальная ул., д.78;1998-04-21
1823;Павел Лукьянов;Таганрог, Космонавтов ул., д.33;Таганрог, Станционная ул., д.17;1995-05-23
1824;Марк Никифоров;Кызыл, Фурманова ул., д.9;Химки, Мостовая ул., д.43;1995-09-25
1825;Даниил Крылов;Санкт-Петербург, Цветочная ул., д.44;Красноярск, Толстого ул., д.15;1997-03-21
1826;Константин Филатов;Березники, Ворошилова ул., д.62;Кисловодск, Садовая ул., д.7;1998-04-09
1827;Степан Кузнецов;Петрозаводск, Интернациональная ул., д.57;Жуковский, Горького ул., д.84;1994-05-19
1828;Никита Карпов;Грозный, Зеленая ул., д.73;Балаково, Станционная ул., д.12;1993-10-26
1829;Семен Зайцев;Вологда, Пушкина ул., д.80;Люберцы, Заводской пер., д.89;1998-07-10
1830;Матвей Ефремов;Улан-Удэ, Целинная ул., д.70;Первоуральск, Народная ул., д.63;1999-05-31
1831;Олег Митрофанов;Казань, Революционная ул., д.15;Артем, 1-Мая ул., д.92;2000-07-20
1832;Никита Ушаков;Энгельс, Мирная ул., д.20;Южно-Сахалинск, Новоселов ул., д.22;1993-04-07
1833;Владимир Гончаров;Кострома, Трудовая ул., д.65;Салават, Шоссейная ул., д.58;1993-01-16
1834;Константин Кириллов;Батайск, Советский пер., д.44;Черкесск, Дзержинского ул., д.40;1996-01-08
1835;Кирилл Архипов;Абакан, Энергетиков ул., д.16;Кисловодск, Овражная ул., д.55;1995-12-18
1836;Роман Беляев;Волгоград, Свободы ул., д.89;Уссурийск, Гоголя ул., д.98;1999-02-02
1837;Макар Чернов;Кызыл, Дачная ул., д.94;Новокуйбышевск, Сосновая ул., д.37;1991-03-01
1838;Даниил Денисов;Севастополь, Звездная ул., д.75;Ангарск, Кутузова ул., д.23;1990-08-26
1839;Марк Егоров;Муром, Чайковского ул., д.69;Майкоп, Заречная ул., д.41;1992-11-19
1840;Павел Логинов;Элиста, Котовского ул., д.33;Энгельс, Восточная ул., д.3;1991-08-29
1841;Антон Власов;Пермь, Котовского ул., д.50;Ижевск, Гражданская ул., д.47;2000-03-18
1842;Денис Громов;Домодедово, Свободы ул., д.22;Комсомольск-на-Амуре, Терешковой ул., д.33;1994-12-22
1843;Мирон Аксенов;Великий Новгород, Комарова ул., д.90;Барнаул, Ворошилова ул., д.59;1998-03-24
1844;Максим Виноградов;Элиста, Лазо ул., д.81;Рыбинск, Заводской пер., д.44;2000-06-02
1845;Вячеслав Комаров;Волгоград, Чапаева ул., д.17;Калининград, Дорожная ул., д.21;1990-04-17
1846;Никита Тимофеев;Златоуст, Рабочая ул., д.45;Октябрьский, Станционная ул., д.7;2000-05-25
1847;Степан Мартынов;Набережные Челны, Калинина ул., д.25;Нефтеюганск, Мостовая ул., д.77;1991-09-21
1848;Константин Емельянов;Димитровград, Пионерская ул., д.46;Сыктывкар, Широкая ул., д.15;1993-05-21
1849;Артём Балашов;Братск, Северный пер., д.25;Новокуйбышевск, Северная ул., д.31;1994-10-18
1850;Марк Рыбаков;Нижнекамск, Рабочая ул., д.68;Пятигорск, Комарова ул., д.90;1995-06-01
1851;Арсений Яковлев;Прокопьевск, Новый пер., д.12;Брянск, Социалистическая ул., д.67;1994-10-28
1852;Руслан Емельянов;Златоуст, Строителей ул., д.40;Копейск, Советская ул., д.54;2000-05-15
1853;Дмитрий Соколов;Дербент, Ватутина ул., д.18;Альметьевск, Железнодорожная ул., д.44;1993-09-22
1854;Вячеслав Павлов;Пятигорск, Юбилейная ул., д.64;Пенза, Сиреневая ул., д.65;1996-09-19
1855;Мирон Воронин;Северск, Ворошилова ул., д.55;Тюмень, Гражданская ул., д.68;1999-05-24
1856;Елисей Демидов;Нижневартовск, Дачная ул., д.31;Черкесск, Садовая ул., д.28;1996-12-21
1857;Константин Леонов;Москва, Трактовая ул., д.46;Красногорск, Кубанская ул., д.4;1997-09-22
1858;Виктор Прокофьев;Псков, Маяковского ул., д.67;Курск, Чапаева ул., д.96;1995-01-20
1859;Павел Платонов;Златоуст, Орджоникидзе ул., д.34;Магнитогорск, Западный пер., д.84;1998-02-15
1860;Вадим Леонтьев;Самара, Сосновая ул., д.10;Владикавказ, Звездная ул., д.48;2000-04-21
1861;Никита Белов;Балашиха, Южный пер., д.80;Магнитогорск, Почтовый пер., д.31;1991-11-21
1862;Захар Воробьев;Великий Новгород, Октябрьская ул., д.7;Смоленск, Крестьянская ул., д.3;1991-11-03
1863;Матвей Казаков;Смоленск, Пугачева ул., д.28;Краснодар, Кооперативная ул., д.93;1995-09-17
1864;Евгений Семенов;Тула, Профсоюзная ул., д.89;Пятигорск, Рабочий пер., д.99;1991-06-28
1865;Николай Никулин;Пермь, Чкалова ул., д.57;Ижевск, Энтузиастов ул., д.57;1992-04-17
1866;Марк Захаров;Сочи, Цветочная ул., д.68;Щёлково, Космонавтов ул., д.60;1994-07-08
1867;Андрей Кузнецов;Дербент, Первомайская ул., д.77;Магнитогорск, Уральская ул., д.98;2000-10-02
1868;Алексей Устинов;Новокуйбышевск, Чехова ул., д.34;Химки, Первомайский пер., д.10;1994-11-17
1869;Захар Кондратьев;Королёв, Строителей ул., д.42;Артем, Привокзальная ул., д.76;1995-04-24
1870;Дмитрий Леонов;Таганрог, Ломоносова ул., д.83;Ачинск, Толстого ул., д.23;1992-08-30
1871;Савелий Калинин;Северодвинск, Лазо ул., д.57;Барнаул, Кутузова ул., д.87;1998-06-18
1872;Макар Колесников;Балашиха, Маяковского ул., д.98;Златоуст, Дружбы ул., д.27;1995-01-19
1873;Владимир Иванов;Новошахтинск, Гаражная ул., д.29;Коломна, Комсомольская ул., д.27;1995-08-24
1874;Вадим Кузьмин;Москва, Победы ул., д.35;Димитровград, Энергетиков ул., д.69;1991-11-08
1875;Александр Макаров;Златоуст, Октябрьский пер., д.85;Астрахань, Есенина ул., д.30;1992-01-21
1876;Арсений Васильев;Альметьевск, Мирная ул., д.10;Камышин, Базарная ул., д.36;1999-07-16
1877;Елисей Дмитриев;Нижний Тагил, Лермонтова ул., д.49;Смоленск, Некрасова ул., д.94;1996-02-19
1878;Дмитрий Карпов;Северодвинск, Космонавтов ул., д.97;Волгоград, Уральская ул., д.80;1995-04-07
1879;Макар Ковалев;Оренбург, Буденного ул., д.51;Екатеринбург, Орджоникидзе ул., д.93;1991-12-08
1880;Глеб Власов;Новомосковск, Чапаева ул., д.61;Черкесск, Гоголя ул., д.93;1994-04-27
1881;Егор Богомолов;Каспийск, Солнечный пер., д.20;Благовещенск, Молодежный пер., д.43;1998-04-18
1882;Максим Николаев;Шахты, Комсомольский пер., д.94;Евпатория, Сиреневая ул., д.35;1999-01-14
1883;Иван Бородин;Кызыл, Таежная ул., д.71;Кемерово, Октябрьский пер., д.82;1996-08-11
1884;Артём Быков;Ставрополь, Свободы ул., д.36;Арзамас, Зеленая ул., д.89;1990-01-15
1885;Захар Белов;Волгоград, Сибирская ул., д.6;Красноярск, Речной пер., д.69;1995-08-13
1886;Кирилл Кузнецов;Смоленск, Горная ул., д.88;Миасс, Новоселов ул., д.34;1990-05-22
1887;Тимофей Горбунов;Белгород, Восточная ул., д.65;Мытищи, Лесная ул., д.12;1998-05-21
1888;Иван Оспанов;Каменск - Уральский, Пролетарская ул., д.57;Златоуст, Пионерская ул., д.28;1994-01-03
1889;Антон Калиев;Ульяновск, Маяковского ул., д.18;Киров, Луговая ул., д.82;1991-08-11
1890;Евгений Кудрявцев;Балаково, Почтовый пер., д.87;Иваново, Кольцевая ул., д.48;1992-06-18
1891;Даниил Сергеев;Салават, Уральская ул., д.68;Новосибирск, Кольцевая ул., д.91;1991-09-30
1892;Юрий Плотников;Набережные Челны, Карла Маркса ул., д.61;Набережные Челны, Матросова ул., д.45;1995-12-04
1893;Иван Герасимов;Раменское, Кирова ул., д.24;Волжский, Космонавтов ул., д.8;1998-08-10
1894;Виктор Герасимов;Батайск, Лесной пер., д.85;Барнаул, Фрунзе ул., д.91;1990-12-14
1895;Денис Симонов;Петропавловск-Камчатский, Гаражная ул., д.50;Москва, Пугачева ул., д.51;1995-07-25
1896;Марк Ильин;Каспийск, Пионерский пер., д.93;Кострома, Фрунзе ул., д.41;2000-05-15
1897;Арсений Никулин;Ноябрьск, Линейная ул., д.94;Раменское, перечень улиц России., д.17;1995-04-25
1898;Данил Степанов;Абакан, Лесная ул., д.20;Калининград, Октябрьский пер., д.23;1995-06-11
1899;Юрий Богданов;Новороссийск, Ленинградская ул., д.79;Одинцово, Кооперативная ул., д.76;1990-01-02
1900;Олег Игнатьев;Муром, Северный пер., д.37;Химки, Новый пер., д.43;1996-01-15
1901;Денис Егоров;Пятигорск, Крылова ул., д.72;Орск, Береговая ул., д.83;1997-02-01
1902;Виктор Смирнов;Йошкар-Ола, Народная ул., д.59;Люберцы, Мира ул., д.64;1993-07-17
1903;Виктор Софронов;Бийск, Речная ул., д.98;Братск, Луначарского ул., д.79;1999-03-15
1904;Денис Садыков;Ульяновск, Озерная ул., д.54;Златоуст, Западный пер., д.87;1993-09-19
1905;Иван Горбунов;Брянск, Мостовая ул., д.57;Нальчик, Октябрьская ул., д.62;1996-12-31
1906;Евгений Исмаилов;Артем, Фестивальная ул., д.12;Новочебоксарск, Ворошилова ул., д.53;1995-09-20
1907;Денис Юдин;Саратов, Ватутина ул., д.30;Волгоград, Звездная ул., д.88;2000-09-03
1908;Кирилл Дроздов;Хабаровск, Восточная ул., д.65;Серпухов, Кооперативная ул., д.37;1990-01-09
1909;Данил Прокофьев;Артем, Свердлова ул., д.29;Петрозаводск, Лазо ул., д.93;1997-08-18
1910;Алексей Исаев;Подольск, Механизаторов ул., д.65;Кисловодск, Южный пер., д.15;1994-12-04
1911;Марк Власов;Каспийск, Калинина ул., д.4;Березники, Механизаторов ул., д.69;1991-07-08
1912;Захар Акимов;Новокузнецк, Пионерская ул., д.47;Южно-Сахалинск, Белинского ул., д.10;1999-11-23
1913;Мирон Александров;Грозный, Спортивный пер., д.90;Пенза, Партизанская ул., д.33;1990-08-12
1914;Елисей Трофимов;Комсомольск-на-Амуре, Куйбышева ул., д.46;Красноярск, Заречная ул., д.58;1994-12-13
1915;Михаил Алиев;Петропавловск-Камчатский, Дзержинского ул., д.14;Сергиев Посад, Линейная ул., д.63;1991-04-14
1916;Павел Ильин;Армавир, Карла Маркса ул., д.52;Энгельс, Космонавтов ул., д.45;1992-10-24
1917;Иван Миронов;Москва, Есенина ул., д.30;Красноярск, Верхняя ул., д.5;1993-12-05
1918;Вадим Дроздов;Иркутск, Толстого ул., д.3;Барнаул, Набережная ул., д.5;1997-07-12
1919;Вячеслав Афанасьев;Липецк, Березовая ул., д.98;Пенза, Промышленная ул., д.55;1992-09-14
1920;Вячеслав Потапов;Новороссийск, Марта ул., д.59;Коломна, Титова ул., д.88;1996-10-19
1921;Макар Кузнецов;Калининград, Механизаторов ул., д.17;Барнаул, Озерная ул., д.84;1992-12-16
1922;Никита Романов;Екатеринбург, Береговая ул., д.20;Октябрьский, Строителей ул., д.33;1992-03-19
1923;Данил Ковалев;Мытищи, Марта ул., д.44;Санкт-Петербург, Парковая ул., д.66;1992-01-30
1924;Тимур Фомин;Чита, Пугачева ул., д.51;Курск, Сосновая ул., д.99;1996-02-22
1925;Денис Ермаков;Златоуст, Шевченко ул., д.18;Сергиев Посад, Фурманова ул., д.2;1994-04-12
1926;Никита Воробьев;Батайск, Мира ул., д.55;Южно-Сахалинск, Новая ул., д.51;1992-12-18
1927;Илья Блинов;Кострома, Рабочий пер., д.16;Омск, Колхозная ул., д.74;2000-06-15
1928;Александр Исаев;Орск, Спортивный пер., д.5;Нижневартовск, Школьный пер., д.93;1996-11-18
1929;Николай Литвинов;Димитровград, Вокзальная ул., д.39;Норильск, Чкалова ул., д.71;1994-03-15
1930;Арсений Демидов;Челябинск, Ленинградская ул., д.96;Красноярск, Мостовая ул., д.99;2000-07-08
1931;Тимофей Акимов;Северодвинск, Тимирязева ул., д.8;Ростов-на-Дону, Цветочная ул., д.49;1991-07-23
1932;Лев Марков;Брянск, Чайковского ул., д.21;Муром, Лесной пер., д.95;1996-01-17
1933;Михаил Алексеев;Копейск, Красная ул., д.93;Коломна, Полевая ул., д.43;1994-02-01
1934;Матвей Николаев;Артем, Мирная ул., д.49;Евпатория, Речной пер., д.70;2000-07-02
1935;Евгений Сорокин;Чита, Энгельса ул., д.31;Киров, Дальняя ул., д.26;1995-06-10
1936;Кирилл Савельев;Балаково, Луначарского ул., д.71;Ставрополь, Победы ул., д.34;1997-08-18
1937;Владимир Тимофеев;Пермь, Интернациональная ул., д.92;Ессентуки, Железнодорожная ул., д.89;1996-05-15
1938;Павел Карпов;Пушкино, Кубанская ул., д.49;Улан-Удэ, Сосновая ул., д.57;1997-04-15
1939;Никита Гришин;Сергиев Посад, Матросова ул., д.9;Волгодонск, Чкалова ул., д.94;1996-12-08
1940;Захар Козлов;Дербент, Гражданская ул., д.70;Дзержинск, Чкалова ул., д.44;1998-05-06
1941;Марк Искаков;Подольск, Партизанская ул., д.65;Балаково, Пушкина ул., д.5;1992-05-16
1942;Вадим Дроздов;Нефтекамск, Ленина ул., д.97;Череповец, Набережная ул., д.30;1995-08-06
1943;Александр Ахметов;Ачинск, Народная ул., д.16;Рязань, Береговая ул., д.17;1990-10-23
1944;Данил Панов;Новосибирск, Гаражная ул., д.75;Нижнекамск, Пролетарская ул., д.10;1998-01-30
1945;Тимур Ларин;Евпатория, Островского ул., д.96;Абакан, Широкая ул., д.35;1996-11-04
1946;Денис Максимов;Абакан, Дальняя ул., д.20;Саратов, Володарского ул., д.31;1995-11-14
1947;Кирилл Ершов;Елец, Буденного ул., д.24;Братск, Солнечный пер., д.68;1995-09-05
1948;Юрий Степанов;Владивосток, Солнечная ул., д.10;Северодвинск, Светлая ул., д.19;1991-03-02
1949;Роман Ермаков;Жуковский, Красноармейская ул., д.99;Новочебоксарск, Луначарского ул., д.34;1997-04-05
1950;Елисей Садыков;Новочебоксарск, Шоссейная ул., д.54;Арзамас, Почтовая ул., д.1;1992-05-13
1951;Виктор Терентьев;Калининград, Октябрьский пер., д.87;Смоленск, Комарова ул., д.8;1993-09-13
1952;Максим Никифоров;Нефтеюганск, Фрунзе ул., д.10;Новомосковск, Энтузиастов ул., д.56;1993-04-29
1953;Владимир Корнеев;Махачкала, Ломоносова ул., д.4;Казань, Толстого ул., д.45;1993-11-14
1954;Данил Серов;Пермь, Лесная ул., д.62;Ессентуки, Озерная ул., д.24;1996-01-11
1955;Глеб Богданов;Кострома, Цветочная ул., д.47;Волгоград, Ленинградская ул., д.68;1993-12-22
1956;Тимофей Терентьев;Северск, Мирная ул., д.1;Майкоп, Маяковского ул., д.9;1994-06-07
1957;Константин Поляков;Камышин, Почтовый пер., д.72;Рязань, Линейная ул., д.99;1998-06-28
1958;Михаил Морозов;Улан-Удэ, Вишневая ул., д.61;Набережные Челны, Майская ул., д.4;1994-02-06
1959;Елисей Медведев;Мурманск, Суворова ул., д.58;Псков, Комарова ул., д.72;1999-09-26
1960;Дмитрий Искаков;Ростов-на-Дону, Дальняя ул., д.93;Йошкар-Ола, Шоссейная ул., д.3;1990-12-28
1961;Захар Елисеев;Электросталь, Коммунистическая ул., д.47;Новый Уренгой, Целинная ул., д.54;1992-01-20
1962;Ярослав Миронов;Ковров, Светлая ул., д.92;Севастополь, Звездная ул., д.62;2000-06-17
1963;Егор Виноградов;Владикавказ, Садовый пер., д.46;Челябинск, Гайдара ул., д.76;2000-04-03
1964;Матвей Прохоров;Норильск, Вокзальная ул., д.8;Ессентуки, Широкая ул., д.65;1999-05-12
1965;Артур Калашников;Обнинск, Вишневая ул., д.15;Пятигорск, Терешковой ул., д.39;1994-11-26
1966;Арсений Иванов;Керчь, Урицкого ул., д.1;Грозный, Чапаева ул., д.61;1998-10-07
1967;Иван Дмитриев;Дзержинск, Широкая ул., д.85;Абакан, Чкалова ул., д.38;1998-07-11
1968;Николай Богомолов;Мытищи, Российская ул., д.22;Томск, Титова ул., д.12;1994-10-04
1969;Артём Гришин;Саратов, Почтовый пер., д.95;Березники, Ворошилова ул., д.42;1996-11-05
1970;Даниил Чернов;Барнаул, Коммунальная ул., д.45;Набережные Челны, Гражданская ул., д.53;1998-04-12
1971;Лев Лебедев;Курган, Горная ул., д.7;Березники, Дачная ул., д.7;1997-09-05
1972;Виктор Евдокимов;Рязань, Гаражная ул., д.45;Нижний Тагил, Коммунистическая ул., д.54;1995-12-20
1973;Данил Данилов;Элиста, Полевая ул., д.66;Раменское, Маяковского ул., д.11;1999-12-14
1974;Артём Васильев;Нижневартовск, Ватутина ул., д.40;Череповец, Майская ул., д.49;1993-07-02
1975;Ярослав Данилов;Артем, Тихий пер., д.23;Черкесск, Титова ул., д.42;1990-02-27
1976;Андрей Емельянов;Ставрополь, КМаркса ул., д.18;Иваново, Мира ул., д.40;1998-11-07
1977;Никита Щербаков;Севастополь, Транспортная ул., д.97;Орёл, Песчаная ул., д.83;1998-01-31
1978;Олег Воронин;Астрахань, Шоссейная ул., д.14;Элиста, Пионерская ул., д.26;1992-07-07
1979;Марк Никифоров;Ачинск, Победы ул., д.86;Волгодонск, 1-Мая ул., д.56;1993-08-22
1980;Егор Тимофеев;Владикавказ, Пионерская ул., д.31;Стерлитамак, Больничный пер., д.8;2000-07-24
1981;Андрей Макаров;Томск, Рабочий пер., д.25;Владимир, Светлая ул., д.43;1992-03-17
1982;Виталий Грачев;Челябинск, Ключевая ул., д.91;Березники, Кирова ул., д.43;1993-02-09
1983;Владимир Бирюков;Арзамас, Широкая ул., д.67;Симферополь, Тургенева ул., д.80;1990-09-17
1984;Виталий Савельев;Уссурийск, Фурманова ул., д.79;Нальчик, Студенческая ул., д.80;1993-07-19
1985;Степан Митрофанов;Одинцово, Больничный пер., д.38;Великий Новгород, Крупской ул., д.97;1997-06-09
1986;Максим Семенов;Арзамас, Пионерский пер., д.10;Дзержинск, Северная ул., д.91;1994-08-17
1987;Олег Малышев;Череповец, Советский пер., д.61;Саратов, Горная ул., д.56;1992-04-10
1988;Павел Митрофанов;Петрозаводск, Песчаная ул., д.32;Каспийск, Космонавтов ул., д.69;1995-04-05
1989;Михаил Акимов;Каспийск, Тимирязева ул., д.97;Барнаул, Луначарского ул., д.85;1997-11-02
1990;Андрей Ковалев;Батайск, Целинная ул., д.52;Новороссийск, Чехова ул., д.70;1990-07-30
1991;Лев Садыков;Саратов, Южная ул., д.14;Новый Уренгой, Карла Маркса ул., д.54;1993-09-29
1992;Лев Яковлев;Нальчик, Московская ул., д.32;Астрахань, Светлая ул., д.16;1992-08-30
1993;Марк Морозов;Курск, Ломоносова ул., д.80;Магнитогорск, Куйбышева ул., д.2;1991-12-15
1994;Макар Новиков;Новокуйбышевск, Строителей ул., д.8;Батайск, Куйбышева ул., д.82;1996-12-28
1995;Николай Федотов;Каспийск, Калинина ул., д.79;Энгельс, Степная ул., д.17;1999-12-11
1996;Виталий Симонов;Саранск, Мелиораторов ул., д.19;Невинномысск, Котовского ул., д.47;1999-06-16
1997;Тимофей Кириллов;Псков, 50 лет Победы ул., д.46;Мытищи, Механизаторов ул., д.56;1997-02-15
1998;Иван Ибраев;Якутск, Комсомольский пер., д.59;Ангарск, Школьная ул., д.60;1995-07-20
1999;Максим Бобров;Березники, Свердлова ул., д.99;Самара, Мелиораторов ул., д.24;1997-10-19
2000;Вячеслав Бородин;Уфа, Буденного ул., д.77;Саратов, Коммунистическая ул., д.67;1995-01-24
