idInsurance;Type;Date_of_time;idClient
7001;Ипотечное страхование недвижемости;2010-04-10 07:30:10;1001
7002;Ипотечное страхование жизни;2017-07-18 02:07:18;1002
7003;Страхование финансов;2011-11-13 23:54:13;1003
7004;Защита дома;2012-06-03 00:49:03;1004
7005;ОСАГО;2014-07-27 16:53:27;1005
7006;КАСКО;2012-02-08 03:37:08;1006
7007;Защита любимых вещей;2013-11-03 10:53:03;1007
7008;Страхование путешественников;2016-09-10 05:06:10;1008
7009;Защита от травм;2011-07-30 20:16:30;1009
7010;Защита от клеща;2012-04-18 05:48:18;1010
7011;Защита любимых вещей;2011-10-02 16:48:02;1011
7012;Защита от травм;2011-08-27 06:33:27;1012
7013;Ипотечное страхование жизни;2010-01-12 22:59:12;1013
7014;КАСКО;2016-10-05 08:52:05;1014
7015;Защита от травм;2017-05-26 19:27:26;1015
7016;Страхование путешественников;2015-07-05 21:20:05;1016
7017;ОСАГО;2013-10-17 02:18:17;1017
7018;Ипотечное страхование недвижемости;2012-04-11 23:54:11;1018
7019;Ипотечное страхование недвижемости;2015-09-18 22:30:18;1019
7020;Ипотечное страхование недвижемости;2012-08-04 10:25:04;1020
7021;Ипотечное страхование жизни;2017-11-09 15:17:09;1021
7022;Защита любимых вещей;2017-09-23 12:51:23;1022
7023;Страхование финансов;2016-09-28 19:29:28;1023
7024;КАСКО;2013-05-11 11:44:11;1024
7025;Защита любимых вещей;2012-05-02 18:56:02;1025
7026;Ипотечное страхование жизни;2016-02-22 20:32:22;1026
7027;Защита любимых вещей;2011-08-31 05:50:31;1027
7028;КАСКО;2010-05-24 08:01:24;1028
7029;Страхование путешественников;2010-06-18 02:06:18;1029
7030;Защита от травм;2014-08-30 18:38:30;1030
7031;Защита любимых вещей;2016-10-09 14:49:09;1031
7032;Страхование путешественников;2014-05-26 10:55:26;1032
7033;Страхование финансов;2012-08-07 21:32:07;1033
7034;КАСКО;2016-07-21 13:46:21;1034
7035;Защита от травм;2013-07-03 09:38:03;1035
7036;Ипотечное страхование недвижемости;2010-03-20 00:56:20;1036
7037;Ипотечное страхование недвижемости;2010-03-30 21:49:30;1037
7038;КАСКО;2017-03-20 11:20:20;1038
7039;Ипотечное страхование жизни;2016-05-25 15:19:25;1039
7040;Страхование финансов;2016-10-15 11:27:15;1040
7041;Ипотечное страхование жизни;2013-12-31 15:26:31;1041
7042;Защита от травм;2016-03-01 03:42:01;1042
7043;Ипотечное страхование недвижемости;2013-02-20 10:47:20;1043
7044;Страхование путешественников;2011-03-19 20:45:19;1044
7045;Страхование финансов;2017-08-11 22:44:11;1045
7046;КАСКО;2013-01-18 06:02:18;1046
7047;Ипотечное страхование недвижемости;2016-07-10 12:48:10;1047
7048;Ипотечное страхование жизни;2012-09-07 11:58:07;1048
7049;Страхование финансов;2017-12-08 11:58:08;1049
7050;КАСКО;2011-08-20 20:25:20;1050
7051;КАСКО;2012-06-24 16:05:24;1051
7052;Ипотечное страхование жизни;2014-07-17 09:05:17;1052
7053;Страхование путешественников;2010-12-22 07:14:22;1053
7054;Ипотечное страхование недвижемости;2015-10-24 23:49:24;1054
7055;ОСАГО;2012-01-22 05:08:22;1055
7056;Защита любимых вещей;2012-03-28 17:01:28;1056
7057;Страхование финансов;2011-10-28 04:30:28;1057
7058;Защита дома;2017-08-11 04:03:11;1058
7059;КАСКО;2015-06-06 14:24:06;1059
7060;Защита дома;2015-05-12 09:31:12;1060
7061;Страхование финансов;2010-09-25 07:38:25;1061
7062;Страхование финансов;2017-03-03 19:48:03;1062
7063;ОСАГО;2015-11-26 20:09:26;1063
7064;ОСАГО;2011-08-12 13:14:12;1064
7065;КАСКО;2017-01-22 16:22:22;1065
7066;Защита дома;2010-10-05 20:39:05;1066
7067;Защита дома;2011-11-24 00:34:24;1067
7068;Ипотечное страхование недвижемости;2010-10-28 23:39:28;1068
7069;Защита любимых вещей;2015-04-19 14:17:19;1069
7070;Защита от травм;2010-10-10 03:03:10;1070
7071;ОСАГО;2010-12-20 19:41:20;1071
7072;ОСАГО;2016-12-14 17:11:14;1072
7073;Ипотечное страхование жизни;2017-01-20 04:54:20;1073
7074;ОСАГО;2017-09-23 22:20:23;1074
7075;Страхование финансов;2017-10-13 23:26:13;1075
7076;Страхование путешественников;2016-02-02 11:04:02;1076
7077;Защита любимых вещей;2017-01-26 23:32:26;1077
7078;КАСКО;2016-04-11 12:41:11;1078
7079;Защита любимых вещей;2014-02-26 19:35:26;1079
7080;ОСАГО;2012-06-06 03:28:06;1080
7081;Защита от травм;2013-03-20 05:27:20;1081
7082;Страхование путешественников;2011-03-09 15:11:09;1082
7083;ОСАГО;2011-01-02 17:50:02;1083
7084;Ипотечное страхование жизни;2016-04-23 09:22:23;1084
7085;Ипотечное страхование жизни;2010-06-21 13:44:21;1085
7086;Ипотечное страхование недвижемости;2015-05-05 21:47:05;1086
7087;Страхование путешественников;2012-05-18 17:43:18;1087
7088;Ипотечное страхование жизни;2016-03-10 00:41:10;1088
7089;ОСАГО;2016-12-11 11:22:11;1089
7090;Страхование путешественников;2013-10-10 11:18:10;1090
7091;Страхование финансов;2011-06-16 20:38:16;1091
7092;Защита дома;2014-08-25 14:09:25;1092
7093;Защита дома;2015-11-20 17:13:20;1093
7094;ОСАГО;2015-08-16 09:26:16;1094
7095;Страхование путешественников;2010-07-16 17:54:16;1095
7096;Защита от травм;2016-05-22 19:25:22;1096
7097;Защита от травм;2017-08-26 21:59:26;1097
7098;Защита от травм;2010-02-27 04:47:27;1098
7099;Защита любимых вещей;2017-01-17 02:40:17;1099
7100;Страхование финансов;2016-04-02 03:00:02;1100
7101;Защита от травм;2015-09-26 00:19:26;1101
7102;ОСАГО;2010-10-10 08:45:10;1102
7103;Страхование путешественников;2015-07-17 05:59:17;1103
7104;Защита любимых вещей;2011-03-12 04:16:12;1104
7105;Защита дома;2014-09-29 18:40:29;1105
7106;КАСКО;2010-12-28 19:42:28;1106
7107;Ипотечное страхование недвижемости;2011-09-10 12:46:10;1107
7108;Защита любимых вещей;2012-04-15 07:31:15;1108
7109;Защита любимых вещей;2010-06-03 07:24:03;1109
7110;ОСАГО;2012-06-14 10:49:14;1110
7111;Страхование путешественников;2012-04-18 21:48:18;1111
7112;Защита любимых вещей;2016-09-29 01:50:29;1112
7113;Страхование путешественников;2017-08-16 12:44:16;1113
7114;ОСАГО;2012-12-06 14:11:06;1114
7115;Ипотечное страхование недвижемости;2013-04-14 09:47:14;1115
7116;Ипотечное страхование недвижемости;2011-11-26 17:17:26;1116
7117;Защита дома;2010-05-07 16:47:07;1117
7118;ОСАГО;2010-04-26 12:44:26;1118
7119;Защита дома;2011-09-16 15:13:16;1119
7120;Защита дома;2011-03-19 16:43:19;1120
7121;Ипотечное страхование недвижемости;2013-09-13 21:32:13;1121
7122;ОСАГО;2014-08-19 00:18:19;1122
7123;КАСКО;2017-09-26 06:34:26;1123
7124;Ипотечное страхование недвижемости;2010-04-04 03:54:04;1124
7125;Страхование финансов;2011-12-04 12:51:04;1125
7126;Защита дома;2012-01-08 17:35:08;1126
7127;Ипотечное страхование жизни;2010-09-06 14:05:06;1127
7128;Страхование путешественников;2014-09-29 11:29:29;1128
7129;Ипотечное страхование недвижемости;2016-05-18 20:26:18;1129
7130;Ипотечное страхование жизни;2016-10-01 20:09:01;1130
7131;ОСАГО;2014-12-16 21:57:16;1131
7132;Страхование путешественников;2012-07-03 16:58:03;1132
7133;Ипотечное страхование жизни;2013-07-22 09:54:22;1133
7134;Ипотечное страхование жизни;2011-03-22 10:27:22;1134
7135;КАСКО;2016-02-15 04:12:15;1135
7136;Ипотечное страхование жизни;2017-06-30 02:44:30;1136
7137;ОСАГО;2017-01-23 14:44:23;1137
7138;ОСАГО;2013-12-12 01:50:12;1138
7139;Защита дома;2012-11-07 08:46:07;1139
7140;Защита дома;2017-10-21 16:04:21;1140
7141;Ипотечное страхование недвижемости;2015-08-25 04:18:25;1141
7142;КАСКО;2011-07-29 06:27:29;1142
7143;КАСКО;2012-12-10 01:27:10;1143
7144;Страхование путешественников;2011-08-20 13:05:20;1144
7145;КАСКО;2017-03-01 15:49:01;1145
7146;ОСАГО;2010-11-15 23:25:15;1146
7147;Ипотечное страхование жизни;2013-04-28 21:54:28;1147
7148;Ипотечное страхование жизни;2011-04-25 14:48:25;1148
7149;Страхование путешественников;2012-08-10 22:24:10;1149
7150;Ипотечное страхование недвижемости;2010-09-26 02:41:26;1150
7151;Защита любимых вещей;2012-01-17 03:40:17;1151
7152;Защита от травм;2015-04-21 23:06:21;1152
7153;Страхование финансов;2012-02-02 17:01:02;1153
7154;Ипотечное страхование недвижемости;2014-03-09 01:02:09;1154
7155;Защита любимых вещей;2012-04-12 02:10:12;1155
7156;Защита от травм;2012-03-08 08:45:08;1156
7157;Защита любимых вещей;2016-11-03 00:32:03;1157
7158;КАСКО;2016-05-12 02:13:12;1158
7159;Страхование путешественников;2010-05-02 14:41:02;1159
7160;Ипотечное страхование недвижемости;2016-08-30 19:24:30;1160
7161;ОСАГО;2015-03-28 17:40:28;1161
7162;КАСКО;2016-07-16 00:46:16;1162
7163;КАСКО;2015-08-17 16:24:17;1163
7164;Страхование путешественников;2017-07-29 23:32:29;1164
7165;КАСКО;2010-10-05 01:02:05;1165
7166;Страхование финансов;2014-02-10 14:09:10;1166
7167;Страхование финансов;2014-09-18 20:21:18;1167
7168;Ипотечное страхование недвижемости;2013-11-16 18:34:16;1168
7169;Защита любимых вещей;2010-01-08 23:07:08;1169
7170;Защита дома;2012-08-06 22:41:06;1170
7171;Ипотечное страхование недвижемости;2015-04-09 17:28:09;1171
7172;Защита дома;2010-08-24 18:44:24;1172
7173;Защита дома;2010-10-05 20:16:05;1173
7174;Страхование путешественников;2015-08-22 05:35:22;1174
7175;Страхование путешественников;2010-02-05 12:32:05;1175
7176;Ипотечное страхование недвижемости;2015-02-02 19:11:02;1176
7177;Ипотечное страхование жизни;2013-11-03 20:43:03;1177
7178;Ипотечное страхование недвижемости;2015-01-04 00:55:04;1178
7179;ОСАГО;2013-02-13 12:12:13;1179
7180;ОСАГО;2016-07-17 07:56:17;1180
7181;Защита любимых вещей;2011-04-03 12:34:03;1181
7182;КАСКО;2010-08-08 21:37:08;1182
7183;Ипотечное страхование жизни;2015-05-22 13:02:22;1183
7184;Страхование финансов;2014-06-19 01:52:19;1184
7185;Страхование путешественников;2014-02-09 03:48:09;1185
7186;ОСАГО;2014-06-07 19:31:07;1186
7187;Ипотечное страхование жизни;2013-01-28 13:27:28;1187
7188;ОСАГО;2014-06-07 10:44:07;1188
7189;КАСКО;2016-08-24 10:16:24;1189
7190;Защита дома;2014-08-26 17:20:26;1190
7191;Защита любимых вещей;2011-06-29 01:43:29;1191
7192;Страхование путешественников;2016-02-27 01:11:27;1192
7193;Защита от травм;2016-03-24 19:43:24;1193
7194;Страхование финансов;2011-07-12 00:37:12;1194
7195;ОСАГО;2013-01-19 16:03:19;1195
7196;Страхование финансов;2017-06-19 04:44:19;1196
7197;КАСКО;2017-05-05 03:44:05;1197
7198;КАСКО;2013-06-13 01:50:13;1198
7199;Защита от травм;2013-04-24 12:26:24;1199
7200;Ипотечное страхование недвижемости;2010-04-28 09:45:28;1200
7201;Ипотечное страхование жизни;2011-08-10 01:48:10;1201
7202;Ипотечное страхование недвижемости;2016-12-10 16:17:10;1202
7203;ОСАГО;2012-12-12 20:50:12;1203
7204;Страхование путешественников;2016-10-20 21:31:20;1204
7205;Защита любимых вещей;2013-10-02 13:17:02;1205
7206;КАСКО;2010-08-26 14:12:26;1206
7207;Защита любимых вещей;2013-10-05 13:02:05;1207
7208;Ипотечное страхование жизни;2013-02-12 02:09:12;1208
7209;Защита любимых вещей;2017-08-25 09:25:25;1209
7210;Страхование финансов;2011-05-05 00:38:05;1210
7211;Ипотечное страхование жизни;2014-09-03 10:41:03;1211
7212;ОСАГО;2013-08-06 02:41:06;1212
7213;Страхование путешественников;2016-04-12 17:17:12;1213
7214;Защита от травм;2011-11-29 03:33:29;1214
7215;КАСКО;2015-09-27 01:20:27;1215
7216;Ипотечное страхование недвижемости;2010-09-12 06:59:12;1216
7217;ОСАГО;2013-10-06 11:53:06;1217
7218;КАСКО;2017-05-17 13:45:17;1218
7219;Страхование путешественников;2014-02-18 22:24:18;1219
7220;Страхование финансов;2011-01-02 15:50:02;1220
7221;Ипотечное страхование жизни;2013-05-01 00:04:01;1221
7222;Ипотечное страхование недвижемости;2016-11-19 20:57:19;1222
7223;Защита от травм;2016-02-27 05:12:27;1223
7224;Страхование финансов;2015-03-21 10:51:21;1224
7225;Ипотечное страхование жизни;2013-05-09 08:34:09;1225
7226;Защита любимых вещей;2011-09-16 01:43:16;1226
7227;Страхование финансов;2017-03-26 02:52:26;1227
7228;Страхование путешественников;2014-03-07 14:33:07;1228
7229;Защита от травм;2011-04-25 23:59:25;1229
7230;КАСКО;2011-03-27 03:30:27;1230
7231;Защита дома;2013-12-02 10:27:02;1231
7232;Ипотечное страхование жизни;2016-11-02 06:19:02;1232
7233;Защита дома;2015-10-29 04:48:29;1233
7234;Ипотечное страхование недвижемости;2012-12-25 12:38:25;1234
7235;Защита дома;2015-11-19 00:53:19;1235
7236;КАСКО;2014-04-13 06:25:13;1236
7237;ОСАГО;2010-08-19 13:22:19;1237
7238;Ипотечное страхование недвижемости;2014-08-10 14:19:10;1238
7239;КАСКО;2017-12-05 08:58:05;1239
7240;Защита от травм;2015-09-18 16:00:18;1240
7241;ОСАГО;2014-08-04 11:55:04;1241
7242;Ипотечное страхование жизни;2017-11-13 04:36:13;1242
7243;Защита дома;2011-12-27 23:20:27;1243
7244;Ипотечное страхование недвижемости;2012-06-20 05:03:20;1244
7245;Защита от травм;2013-09-10 18:34:10;1245
7246;Страхование финансов;2016-08-31 02:28:31;1246
7247;Ипотечное страхование жизни;2015-02-06 22:34:06;1247
7248;ОСАГО;2013-12-31 20:29:31;1248
7249;Защита любимых вещей;2013-01-18 23:17:18;1249
7250;Страхование финансов;2017-01-05 13:43:05;1250
7251;Страхование финансов;2017-06-12 11:03:12;1251
7252;Ипотечное страхование жизни;2011-11-23 06:03:23;1252
7253;Ипотечное страхование жизни;2016-11-24 23:55:24;1253
7254;Страхование путешественников;2017-01-23 19:03:23;1254
7255;Ипотечное страхование недвижемости;2010-05-02 07:05:02;1255
7256;Ипотечное страхование жизни;2015-11-07 06:22:07;1256
7257;ОСАГО;2016-08-10 14:13:10;1257
7258;ОСАГО;2011-01-31 10:03:31;1258
7259;Страхование путешественников;2014-03-06 06:52:06;1259
7260;КАСКО;2017-09-16 10:58:16;1260
7261;Страхование путешественников;2010-09-01 19:47:01;1261
7262;Защита от травм;2017-06-17 01:10:17;1262
7263;Защита дома;2010-07-14 20:24:14;1263
7264;КАСКО;2011-06-06 14:15:06;1264
7265;Страхование путешественников;2016-09-05 14:05:05;1265
7266;Защита дома;2010-09-21 17:43:21;1266
7267;Ипотечное страхование недвижемости;2010-01-29 11:37:29;1267
7268;Страхование путешественников;2013-01-30 03:27:30;1268
7269;Страхование путешественников;2011-05-24 02:30:24;1269
7270;ОСАГО;2013-07-05 11:55:05;1270
7271;ОСАГО;2016-08-10 06:20:10;1271
7272;Страхование финансов;2016-11-18 18:42:18;1272
7273;КАСКО;2014-08-30 10:14:30;1273
7274;Защита любимых вещей;2012-08-04 18:49:04;1274
7275;Защита от травм;2015-01-21 08:11:21;1275
7276;Страхование путешественников;2015-02-28 21:03:28;1276
7277;ОСАГО;2013-06-26 22:24:26;1277
7278;ОСАГО;2010-11-13 00:23:13;1278
7279;Страхование финансов;2015-06-20 10:43:20;1279
7280;Страхование путешественников;2010-05-17 00:21:17;1280
7281;Страхование путешественников;2013-12-20 19:59:20;1281
7282;ОСАГО;2015-05-08 01:25:08;1282
7283;Ипотечное страхование недвижемости;2017-01-07 09:22:07;1283
7284;Защита от травм;2011-02-07 11:22:07;1284
7285;Страхование финансов;2013-05-09 15:50:09;1285
7286;КАСКО;2017-03-10 17:39:10;1286
7287;Ипотечное страхование жизни;2012-01-06 13:25:06;1287
7288;КАСКО;2012-01-21 17:46:21;1288
7289;Защита от травм;2012-01-01 18:41:01;1289
7290;Страхование путешественников;2011-08-27 07:38:27;1290
7291;Защита от травм;2013-11-16 10:02:16;1291
7292;Ипотечное страхование жизни;2014-01-24 00:01:24;1292
7293;ОСАГО;2017-05-26 21:09:26;1293
7294;ОСАГО;2010-02-18 00:50:18;1294
7295;Защита дома;2013-02-25 00:16:25;1295
7296;Ипотечное страхование жизни;2012-02-01 15:32:01;1296
7297;Защита дома;2016-03-01 11:41:01;1297
7298;ОСАГО;2012-02-26 13:33:26;1298
7299;Ипотечное страхование недвижемости;2013-07-12 11:02:12;1299
7300;КАСКО;2015-03-15 18:35:15;1300
7301;Защита от травм;2010-01-13 10:41:13;1301
7302;Защита любимых вещей;2017-05-09 13:01:09;1302
7303;Страхование путешественников;2011-10-18 11:07:18;1303
7304;Ипотечное страхование недвижемости;2010-08-15 16:17:15;1304
7305;Защита от травм;2011-11-14 10:20:14;1305
7306;ОСАГО;2013-07-06 01:16:06;1306
7307;Страхование путешественников;2017-11-18 19:12:18;1307
7308;Ипотечное страхование жизни;2015-09-03 08:39:03;1308
7309;Ипотечное страхование жизни;2017-08-29 10:47:29;1309
7310;ОСАГО;2012-07-06 03:17:06;1310
7311;Страхование путешественников;2010-11-05 19:48:05;1311
7312;Защита дома;2017-10-25 00:35:25;1312
7313;Страхование финансов;2010-07-10 07:59:10;1313
7314;ОСАГО;2014-05-19 06:52:19;1314
7315;ОСАГО;2014-11-06 23:22:06;1315
7316;Ипотечное страхование жизни;2010-08-20 13:49:20;1316
7317;Защита от травм;2012-09-07 05:48:07;1317
7318;Защита дома;2011-04-05 22:45:05;1318
7319;КАСКО;2015-03-16 06:11:16;1319
7320;Ипотечное страхование жизни;2013-10-30 03:01:30;1320
7321;Защита от травм;2017-07-09 03:57:09;1321
7322;Защита любимых вещей;2015-06-02 00:28:02;1322
7323;ОСАГО;2010-05-02 18:24:02;1323
7324;Страхование путешественников;2013-03-28 11:41:28;1324
7325;Защита от травм;2017-07-07 10:03:07;1325
7326;Защита дома;2015-04-02 08:29:02;1326
7327;КАСКО;2015-10-14 04:04:14;1327
7328;Страхование финансов;2012-10-24 16:12:24;1328
7329;ОСАГО;2016-04-13 03:36:13;1329
7330;Ипотечное страхование недвижемости;2011-04-13 06:08:13;1330
7331;Ипотечное страхование жизни;2012-03-27 05:07:27;1331
7332;КАСКО;2014-08-23 09:50:23;1332
7333;Защита любимых вещей;2016-07-23 19:55:23;1333
7334;ОСАГО;2012-02-24 23:36:24;1334
7335;Страхование путешественников;2013-06-28 05:21:28;1335
7336;Страхование путешественников;2014-12-05 14:43:05;1336
7337;Страхование путешественников;2016-03-17 18:16:17;1337
7338;Защита любимых вещей;2014-08-16 05:58:16;1338
7339;Защита от травм;2014-06-21 14:24:21;1339
7340;Ипотечное страхование жизни;2016-01-03 21:52:03;1340
7341;КАСКО;2012-03-21 13:43:21;1341
7342;Защита любимых вещей;2015-08-09 17:11:09;1342
7343;Страхование путешественников;2011-03-25 07:49:25;1343
7344;Ипотечное страхование недвижемости;2014-05-01 03:10:01;1344
7345;Страхование финансов;2012-09-14 17:17:14;1345
7346;Ипотечное страхование недвижемости;2016-02-08 12:04:08;1346
7347;Ипотечное страхование жизни;2012-12-08 11:03:08;1347
7348;Страхование путешественников;2012-06-25 19:23:25;1348
7349;Ипотечное страхование жизни;2016-11-25 23:48:25;1349
7350;Ипотечное страхование жизни;2017-04-10 16:20:10;1350
7351;Защита от травм;2013-11-25 15:22:25;1351
7352;ОСАГО;2015-03-04 16:09:04;1352
7353;Защита любимых вещей;2011-03-07 00:01:07;1353
7354;Страхование путешественников;2016-05-18 18:32:18;1354
7355;Страхование финансов;2013-07-19 13:56:19;1355
7356;ОСАГО;2017-03-24 03:58:24;1356
7357;ОСАГО;2013-01-06 16:31:06;1357
7358;ОСАГО;2010-10-26 06:08:26;1358
7359;Защита любимых вещей;2012-06-03 13:48:03;1359
7360;КАСКО;2015-08-12 22:14:12;1360
7361;Защита дома;2011-01-13 19:48:13;1361
7362;Защита дома;2010-02-07 01:27:07;1362
7363;ОСАГО;2016-03-14 23:54:14;1363
7364;Ипотечное страхование недвижемости;2013-05-27 07:13:27;1364
7365;Страхование финансов;2016-12-19 12:13:19;1365
7366;Защита дома;2015-11-20 01:41:20;1366
7367;КАСКО;2015-09-10 19:00:10;1367
7368;Страхование путешественников;2015-10-22 20:02:22;1368
7369;Страхование финансов;2013-09-05 15:59:05;1369
7370;Страхование финансов;2017-12-06 14:54:06;1370
7371;ОСАГО;2014-10-24 23:46:24;1371
7372;Защита дома;2010-02-28 18:43:28;1372
7373;ОСАГО;2015-02-28 13:13:28;1373
7374;КАСКО;2014-02-20 00:04:20;1374
7375;Страхование финансов;2010-08-14 04:46:14;1375
7376;Страхование финансов;2017-11-29 14:08:29;1376
7377;Защита от травм;2014-07-10 05:54:10;1377
7378;Защита любимых вещей;2014-07-11 23:00:11;1378
7379;Ипотечное страхование недвижемости;2013-04-13 02:25:13;1379
7380;Ипотечное страхование недвижемости;2010-08-27 10:04:27;1380
7381;Ипотечное страхование жизни;2012-01-02 03:53:02;1381
7382;Защита любимых вещей;2013-03-27 04:24:27;1382
7383;ОСАГО;2010-02-09 22:59:09;1383
7384;Ипотечное страхование недвижемости;2010-02-01 15:08:01;1384
7385;Страхование путешественников;2010-12-19 12:54:19;1385
7386;Страхование финансов;2016-07-14 19:50:14;1386
7387;Защита дома;2017-07-08 02:39:08;1387
7388;Ипотечное страхование недвижемости;2012-01-17 06:52:17;1388
7389;ОСАГО;2013-11-25 22:33:25;1389
7390;Страхование финансов;2014-10-28 23:46:28;1390
7391;Ипотечное страхование жизни;2013-01-24 11:28:24;1391
7392;Страхование финансов;2014-06-25 15:38:25;1392
7393;Защита дома;2010-06-02 18:19:02;1393
7394;Защита любимых вещей;2010-08-16 05:30:16;1394
7395;Защита любимых вещей;2011-06-06 01:21:06;1395
7396;КАСКО;2013-06-26 16:42:26;1396
7397;Защита любимых вещей;2013-04-05 17:34:05;1397
7398;КАСКО;2014-07-27 01:15:27;1398
7399;Ипотечное страхование недвижемости;2012-05-26 10:05:26;1399
7400;Страхование путешественников;2015-04-04 14:13:04;1400
7401;Защита любимых вещей;2014-04-14 09:30:14;1401
7402;Защита от травм;2017-06-08 10:05:08;1402
7403;Защита любимых вещей;2012-11-30 05:20:30;1403
7404;КАСКО;2016-02-18 05:10:18;1404
7405;Ипотечное страхование недвижемости;2012-06-26 15:16:26;1405
7406;Страхование путешественников;2010-02-14 05:57:14;1406
7407;Ипотечное страхование жизни;2011-01-07 16:39:07;1407
7408;Защита дома;2014-07-27 15:28:27;1408
7409;КАСКО;2017-12-21 03:49:21;1409
7410;Защита от травм;2011-08-23 21:41:23;1410
7411;КАСКО;2017-11-19 03:27:19;1411
7412;Ипотечное страхование недвижемости;2015-02-22 15:52:22;1412
7413;Защита дома;2015-12-26 00:00:26;1413
7414;Ипотечное страхование жизни;2017-02-20 16:58:20;1414
7415;Страхование финансов;2013-10-27 11:02:27;1415
7416;Защита дома;2016-07-27 06:00:27;1416
7417;Защита дома;2010-11-21 00:34:21;1417
7418;ОСАГО;2017-11-20 10:23:20;1418
7419;Защита от травм;2016-03-31 14:33:31;1419
7420;Защита дома;2015-09-04 02:23:04;1420
7421;ОСАГО;2014-03-02 10:07:02;1421
7422;Защита от травм;2013-04-12 19:23:12;1422
7423;КАСКО;2011-09-20 03:04:20;1423
7424;Защита от травм;2011-06-04 02:24:04;1424
7425;Страхование финансов;2016-06-07 05:08:07;1425
7426;Страхование финансов;2014-11-01 00:18:01;1426
7427;ОСАГО;2015-11-28 15:29:28;1427
7428;ОСАГО;2016-11-19 20:18:19;1428
7429;Ипотечное страхование жизни;2015-06-07 17:58:07;1429
7430;Ипотечное страхование недвижемости;2010-03-14 04:19:14;1430
7431;Ипотечное страхование жизни;2013-08-14 08:35:14;1431
7432;Ипотечное страхование недвижемости;2015-04-11 03:15:11;1432
7433;КАСКО;2012-01-09 04:50:09;1433
7434;Защита любимых вещей;2015-02-19 21:30:19;1434
7435;Ипотечное страхование недвижемости;2010-10-10 13:04:10;1435
7436;Страхование путешественников;2011-12-05 11:15:05;1436
7437;Защита дома;2014-03-11 01:52:11;1437
7438;Защита любимых вещей;2013-07-19 16:50:19;1438
7439;Ипотечное страхование недвижемости;2014-06-04 01:27:04;1439
7440;Страхование путешественников;2014-04-17 13:10:17;1440
7441;Ипотечное страхование жизни;2017-01-20 17:02:20;1441
7442;ОСАГО;2017-06-14 14:06:14;1442
7443;ОСАГО;2012-09-30 20:10:30;1443
7444;Ипотечное страхование жизни;2011-12-16 18:47:16;1444
7445;Ипотечное страхование недвижемости;2014-11-07 18:11:07;1445
7446;Страхование путешественников;2014-12-28 12:02:28;1446
7447;КАСКО;2011-01-16 09:30:16;1447
7448;Ипотечное страхование недвижемости;2012-08-16 18:44:16;1448
7449;Защита от травм;2012-12-10 17:03:10;1449
7450;Страхование финансов;2014-06-08 20:11:08;1450
7451;Страхование финансов;2011-09-27 07:38:27;1451
7452;Ипотечное страхование жизни;2014-02-17 20:31:17;1452
7453;КАСКО;2015-10-25 09:15:25;1453
7454;Ипотечное страхование недвижемости;2016-03-06 23:01:06;1454
7455;Страхование путешественников;2010-05-20 18:35:20;1455
7456;ОСАГО;2016-06-06 12:32:06;1456
7457;Защита от травм;2015-01-31 10:15:31;1457
7458;КАСКО;2016-09-28 15:50:28;1458
7459;Ипотечное страхование жизни;2015-08-25 00:17:25;1459
7460;Защита дома;2017-08-09 00:02:09;1460
7461;Страхование финансов;2017-06-27 19:25:27;1461
7462;КАСКО;2012-10-08 16:52:08;1462
7463;Защита дома;2013-05-05 20:32:05;1463
7464;Страхование путешественников;2017-11-12 17:10:12;1464
7465;КАСКО;2016-11-21 07:59:21;1465
7466;КАСКО;2013-01-12 07:10:12;1466
7467;Ипотечное страхование жизни;2010-05-23 04:59:23;1467
7468;Ипотечное страхование недвижемости;2015-07-17 18:56:17;1468
7469;ОСАГО;2014-04-13 03:02:13;1469
7470;Защита любимых вещей;2010-06-04 14:42:04;1470
7471;Ипотечное страхование недвижемости;2014-11-02 13:12:02;1471
7472;Страхование путешественников;2011-02-02 13:14:02;1472
7473;Защита от травм;2013-10-09 03:33:09;1473
7474;Защита от травм;2017-12-15 06:16:15;1474
7475;ОСАГО;2015-11-12 10:34:12;1475
7476;Страхование финансов;2011-02-02 00:49:02;1476
7477;КАСКО;2010-08-07 16:25:07;1477
7478;Страхование финансов;2016-10-14 19:35:14;1478
7479;Ипотечное страхование недвижемости;2011-10-10 00:25:10;1479
7480;ОСАГО;2016-04-01 11:19:01;1480
7481;Страхование путешественников;2011-02-16 20:21:16;1481
7482;Ипотечное страхование жизни;2016-03-05 07:13:05;1482
7483;Защита от травм;2013-12-25 11:53:25;1483
7484;Ипотечное страхование жизни;2017-05-28 19:16:28;1484
7485;Страхование финансов;2012-11-05 01:56:05;1485
7486;КАСКО;2017-07-10 16:37:10;1486
7487;Ипотечное страхование жизни;2011-01-19 16:02:19;1487
7488;КАСКО;2015-07-06 04:02:06;1488
7489;Ипотечное страхование жизни;2016-05-13 15:41:13;1489
7490;Защита любимых вещей;2010-05-07 10:07:07;1490
7491;Ипотечное страхование жизни;2012-08-24 09:46:24;1491
7492;ОСАГО;2017-08-25 09:52:25;1492
7493;ОСАГО;2013-06-06 03:56:06;1493
7494;Защита любимых вещей;2016-04-15 20:55:15;1494
7495;Защита любимых вещей;2013-07-30 03:54:30;1495
7496;Ипотечное страхование недвижемости;2017-01-09 13:57:09;1496
7497;Ипотечное страхование жизни;2014-11-23 00:55:23;1497
7498;Ипотечное страхование жизни;2013-02-14 21:05:14;1498
7499;Защита от травм;2013-10-06 11:05:06;1499
7500;ОСАГО;2012-12-22 10:15:22;1500
7501;Страхование путешественников;2014-10-03 00:44:03;1501
7502;ОСАГО;2010-09-28 05:33:28;1502
7503;ОСАГО;2014-04-06 09:51:06;1503
7504;ОСАГО;2014-12-14 21:40:14;1504
7505;Защита от травм;2010-02-14 17:23:14;1505
7506;Защита дома;2015-02-28 04:10:28;1506
7507;КАСКО;2013-03-29 04:39:29;1507
7508;Ипотечное страхование недвижемости;2014-07-16 15:58:16;1508
7509;Защита дома;2013-03-25 00:43:25;1509
7510;Страхование финансов;2016-07-12 21:38:12;1510
7511;Страхование путешественников;2010-01-04 13:45:04;1511
7512;Защита любимых вещей;2013-06-12 13:47:12;1512
7513;Страхование путешественников;2015-06-13 16:26:13;1513
7514;Страхование финансов;2017-02-11 01:30:11;1514
7515;Защита дома;2016-12-25 09:19:25;1515
7516;КАСКО;2011-07-02 04:38:02;1516
7517;Страхование финансов;2015-04-05 18:11:05;1517
7518;Защита любимых вещей;2011-04-26 06:14:26;1518
7519;ОСАГО;2015-09-22 01:25:22;1519
7520;Страхование путешественников;2010-08-30 06:54:30;1520
7521;Защита дома;2014-04-13 03:25:13;1521
7522;Ипотечное страхование жизни;2013-08-24 13:09:24;1522
7523;Защита любимых вещей;2016-11-25 01:57:25;1523
7524;Ипотечное страхование недвижемости;2011-01-05 07:50:05;1524
7525;Ипотечное страхование недвижемости;2013-04-02 01:30:02;1525
7526;Страхование финансов;2014-10-03 22:27:03;1526
7527;Ипотечное страхование жизни;2016-04-25 12:42:25;1527
7528;Защита от травм;2014-10-03 23:35:03;1528
7529;Страхование путешественников;2016-01-12 13:40:12;1529
7530;Страхование финансов;2017-05-29 21:14:29;1530
7531;Защита от травм;2014-11-24 13:21:24;1531
7532;Защита дома;2014-03-25 15:10:25;1532
7533;Страхование путешественников;2017-08-11 01:01:11;1533
7534;ОСАГО;2016-07-02 19:24:02;1534
7535;Защита любимых вещей;2014-09-10 21:27:10;1535
7536;Ипотечное страхование недвижемости;2011-11-21 20:28:21;1536
7537;ОСАГО;2016-02-07 16:31:07;1537
7538;Защита любимых вещей;2011-01-22 13:49:22;1538
7539;Страхование путешественников;2014-11-16 08:24:16;1539
7540;Ипотечное страхование жизни;2016-04-23 22:14:23;1540
7541;Защита от травм;2016-09-28 01:03:28;1541
7542;Защита от травм;2016-03-19 00:10:19;1542
7543;Защита от травм;2015-10-02 07:31:02;1543
7544;КАСКО;2014-03-18 08:07:18;1544
7545;ОСАГО;2011-11-25 11:20:25;1545
7546;ОСАГО;2011-04-02 09:01:02;1546
7547;КАСКО;2014-09-30 05:56:30;1547
7548;Страхование финансов;2014-06-01 06:37:01;1548
7549;Страхование путешественников;2017-01-20 15:59:20;1549
7550;Защита любимых вещей;2015-07-20 21:50:20;1550
7551;Защита от травм;2010-05-30 04:44:30;1551
7552;Ипотечное страхование недвижемости;2011-11-19 03:08:19;1552
7553;Страхование финансов;2010-10-31 03:27:31;1553
7554;Страхование финансов;2012-08-22 06:55:22;1554
7555;Ипотечное страхование недвижемости;2014-06-01 06:48:01;1555
7556;Страхование путешественников;2015-09-11 23:55:11;1556
7557;КАСКО;2010-12-16 18:07:16;1557
7558;Страхование путешественников;2010-03-01 03:29:01;1558
7559;Ипотечное страхование жизни;2015-07-26 04:56:26;1559
7560;Ипотечное страхование недвижемости;2013-01-21 04:06:21;1560
7561;КАСКО;2014-04-20 04:13:20;1561
7562;ОСАГО;2011-11-21 13:37:21;1562
7563;Страхование путешественников;2015-10-15 17:49:15;1563
7564;КАСКО;2013-04-21 15:43:21;1564
7565;Защита дома;2016-11-06 09:50:06;1565
7566;Защита любимых вещей;2013-09-17 14:15:17;1566
7567;Ипотечное страхование жизни;2010-02-17 05:59:17;1567
7568;ОСАГО;2011-11-23 15:38:23;1568
7569;Ипотечное страхование жизни;2017-09-18 06:58:18;1569
7570;Ипотечное страхование жизни;2015-08-25 17:12:25;1570
7571;ОСАГО;2014-10-08 03:51:08;1571
7572;Защита дома;2010-05-29 01:37:29;1572
7573;Защита от травм;2015-02-21 23:27:21;1573
7574;КАСКО;2017-11-05 09:11:05;1574
7575;Страхование финансов;2015-01-02 11:43:02;1575
7576;Страхование путешественников;2012-07-19 00:18:19;1576
7577;ОСАГО;2010-06-27 11:02:27;1577
7578;Защита от травм;2016-07-29 11:47:29;1578
7579;Защита дома;2017-04-07 07:44:07;1579
7580;Защита дома;2012-02-25 07:13:25;1580
7581;ОСАГО;2012-03-27 01:20:27;1581
7582;Защита от травм;2016-03-25 21:25:25;1582
7583;Страхование финансов;2013-02-06 07:58:06;1583
7584;Защита от травм;2013-03-04 22:44:04;1584
7585;Защита любимых вещей;2016-01-04 21:48:04;1585
7586;Страхование путешественников;2017-04-30 21:26:30;1586
7587;Защита любимых вещей;2015-03-09 06:19:09;1587
7588;Ипотечное страхование жизни;2017-09-11 16:06:11;1588
7589;КАСКО;2016-07-17 11:48:17;1589
7590;КАСКО;2012-07-08 18:01:08;1590
7591;КАСКО;2013-04-28 10:36:28;1591
7592;Страхование финансов;2013-12-05 09:29:05;1592
7593;Защита любимых вещей;2011-09-14 02:34:14;1593
7594;Защита дома;2014-07-25 04:15:25;1594
7595;Защита любимых вещей;2010-06-09 06:27:09;1595
7596;Защита от травм;2012-03-14 17:52:14;1596
7597;Защита от травм;2014-06-21 09:13:21;1597
7598;Страхование финансов;2012-05-13 20:05:13;1598
7599;Страхование финансов;2010-07-30 17:26:30;1599
7600;Ипотечное страхование жизни;2016-12-19 13:10:19;1600
7601;ОСАГО;2016-12-17 18:42:17;1601
7602;Страхование путешественников;2014-12-08 20:20:08;1602
7603;Страхование финансов;2014-12-02 20:58:02;1603
7604;Страхование финансов;2014-10-26 08:07:26;1604
7605;Защита дома;2010-06-03 01:54:03;1605
7606;КАСКО;2015-06-05 06:43:05;1606
7607;ОСАГО;2017-10-06 08:20:06;1607
7608;Ипотечное страхование жизни;2010-06-15 20:22:15;1608
7609;Ипотечное страхование недвижемости;2013-03-15 21:33:15;1609
7610;Защита любимых вещей;2011-02-07 15:47:07;1610
7611;Защита любимых вещей;2010-07-18 20:43:18;1611
7612;Ипотечное страхование жизни;2014-09-15 12:26:15;1612
7613;Страхование финансов;2010-10-20 04:14:20;1613
7614;Страхование финансов;2015-05-11 11:00:11;1614
7615;Защита дома;2017-10-19 17:08:19;1615
7616;КАСКО;2016-07-13 23:42:13;1616
7617;Защита любимых вещей;2015-10-28 16:26:28;1617
7618;Ипотечное страхование жизни;2013-09-18 14:41:18;1618
7619;Защита от травм;2013-03-20 06:32:20;1619
7620;Страхование путешественников;2011-01-08 14:25:08;1620
7621;Ипотечное страхование жизни;2016-01-06 12:32:06;1621
7622;Защита дома;2015-10-26 00:02:26;1622
7623;Защита дома;2011-08-03 11:41:03;1623
7624;Страхование финансов;2011-05-16 21:44:16;1624
7625;Защита любимых вещей;2010-03-28 14:44:28;1625
7626;Защита любимых вещей;2011-06-09 23:07:09;1626
7627;Страхование финансов;2016-11-03 09:16:03;1627
7628;Защита дома;2012-11-30 03:39:30;1628
7629;Защита любимых вещей;2012-06-22 05:09:22;1629
7630;Ипотечное страхование недвижемости;2014-06-18 18:55:18;1630
7631;Страхование финансов;2010-01-11 13:49:11;1631
7632;Защита от травм;2013-02-11 19:04:11;1632
7633;Ипотечное страхование недвижемости;2015-11-04 09:45:04;1633
7634;Защита от травм;2010-12-02 05:13:02;1634
7635;Защита от травм;2017-04-29 17:46:29;1635
7636;КАСКО;2015-07-21 23:44:21;1636
7637;Ипотечное страхование недвижемости;2012-08-01 14:25:01;1637
7638;Защита от травм;2010-12-13 22:43:13;1638
7639;Защита дома;2010-01-13 03:23:13;1639
7640;Защита от травм;2017-12-05 02:18:05;1640
7641;Защита любимых вещей;2014-01-20 00:52:20;1641
7642;ОСАГО;2012-10-27 03:02:27;1642
7643;Защита от травм;2012-07-30 02:52:30;1643
7644;Защита дома;2016-01-30 04:16:30;1644
7645;Страхование финансов;2014-09-29 06:41:29;1645
7646;Ипотечное страхование недвижемости;2014-12-06 20:34:06;1646
7647;Страхование путешественников;2010-07-06 14:14:06;1647
7648;Ипотечное страхование недвижемости;2015-12-19 12:02:19;1648
7649;Страхование путешественников;2012-04-09 17:23:09;1649
7650;Страхование финансов;2011-10-19 16:40:19;1650
7651;КАСКО;2010-07-03 13:25:03;1651
7652;КАСКО;2013-08-30 00:50:30;1652
7653;ОСАГО;2011-05-16 02:19:16;1653
7654;Ипотечное страхование недвижемости;2014-01-24 03:32:24;1654
7655;ОСАГО;2012-05-11 14:12:11;1655
7656;Ипотечное страхование недвижемости;2015-05-20 22:50:20;1656
7657;Защита дома;2011-11-27 22:42:27;1657
7658;ОСАГО;2012-07-03 04:15:03;1658
7659;Страхование финансов;2013-01-02 08:16:02;1659
7660;Ипотечное страхование недвижемости;2017-06-14 03:03:14;1660
7661;Ипотечное страхование жизни;2012-11-10 03:38:10;1661
7662;Защита дома;2014-01-03 16:44:03;1662
7663;Защита любимых вещей;2010-06-29 01:08:29;1663
7664;Ипотечное страхование жизни;2010-05-02 15:20:02;1664
7665;Ипотечное страхование недвижемости;2016-05-10 10:06:10;1665
7666;Защита дома;2013-08-06 01:49:06;1666
7667;ОСАГО;2015-12-29 00:14:29;1667
7668;Ипотечное страхование недвижемости;2014-08-09 06:28:09;1668
7669;Защита от травм;2015-08-17 18:59:17;1669
7670;КАСКО;2014-06-01 15:14:01;1670
7671;Страхование путешественников;2017-10-23 02:52:23;1671
7672;ОСАГО;2012-12-22 00:06:22;1672
7673;Защита дома;2015-01-14 02:59:14;1673
7674;Ипотечное страхование недвижемости;2015-09-26 03:31:26;1674
7675;Защита от травм;2017-05-15 08:12:15;1675
7676;Страхование финансов;2010-04-12 12:43:12;1676
7677;ОСАГО;2010-01-27 14:42:27;1677
7678;ОСАГО;2016-12-11 08:08:11;1678
7679;Ипотечное страхование недвижемости;2017-03-23 05:16:23;1679
7680;Ипотечное страхование недвижемости;2013-06-20 17:44:20;1680
7681;Ипотечное страхование жизни;2015-05-08 06:39:08;1681
7682;Защита от травм;2013-07-28 09:25:28;1682
7683;Защита любимых вещей;2017-01-17 08:59:17;1683
7684;КАСКО;2011-08-18 05:23:18;1684
7685;Страхование финансов;2012-08-09 11:09:09;1685
7686;Защита дома;2017-04-03 10:32:03;1686
7687;КАСКО;2017-08-21 00:09:21;1687
7688;ОСАГО;2011-12-19 18:49:19;1688
7689;Страхование путешественников;2010-09-15 08:28:15;1689
7690;Ипотечное страхование недвижемости;2011-10-07 01:36:07;1690
7691;КАСКО;2016-12-04 09:26:04;1691
7692;Защита дома;2011-10-23 22:03:23;1692
7693;Защита от травм;2017-08-18 10:40:18;1693
7694;Ипотечное страхование недвижемости;2012-12-30 19:32:30;1694
7695;КАСКО;2013-12-17 09:23:17;1695
7696;Ипотечное страхование недвижемости;2010-08-15 07:58:15;1696
7697;ОСАГО;2012-07-02 01:46:02;1697
7698;Страхование путешественников;2016-12-20 16:11:20;1698
7699;Страхование путешественников;2012-11-30 22:24:30;1699
7700;КАСКО;2013-12-23 10:20:23;1700
7701;Ипотечное страхование недвижемости;2013-07-22 21:36:22;1701
7702;Страхование финансов;2011-10-31 14:14:31;1702
7703;Защита от травм;2011-02-04 12:47:04;1703
7704;Защита любимых вещей;2013-08-05 19:46:05;1704
7705;Страхование путешественников;2010-02-26 09:54:26;1705
7706;Страхование путешественников;2013-11-04 23:15:04;1706
7707;Ипотечное страхование недвижемости;2010-12-03 18:43:03;1707
7708;Страхование финансов;2015-04-18 19:48:18;1708
7709;Страхование путешественников;2014-10-14 10:16:14;1709
7710;Защита дома;2015-05-30 03:42:30;1710
7711;Защита дома;2015-12-12 20:13:12;1711
7712;Защита любимых вещей;2011-01-15 22:48:15;1712
7713;КАСКО;2011-01-24 14:12:24;1713
7714;ОСАГО;2013-01-16 22:53:16;1714
7715;Защита любимых вещей;2010-11-07 23:14:07;1715
7716;Ипотечное страхование недвижемости;2014-11-29 10:03:29;1716
7717;Ипотечное страхование недвижемости;2013-09-22 21:03:22;1717
7718;ОСАГО;2011-05-24 03:02:24;1718
7719;Ипотечное страхование недвижемости;2013-06-05 23:32:05;1719
7720;Страхование путешественников;2011-02-12 15:40:12;1720
7721;Защита дома;2016-08-20 02:02:20;1721
7722;Защита любимых вещей;2011-03-23 21:12:23;1722
7723;ОСАГО;2014-08-09 18:47:09;1723
7724;Защита любимых вещей;2013-12-26 18:41:26;1724
7725;ОСАГО;2012-10-13 08:16:13;1725
7726;Ипотечное страхование жизни;2013-06-07 09:21:07;1726
7727;Защита от травм;2014-06-09 20:33:09;1727
7728;Ипотечное страхование жизни;2015-12-23 02:58:23;1728
7729;Страхование путешественников;2014-04-13 14:44:13;1729
7730;ОСАГО;2015-01-15 06:17:15;1730
7731;Ипотечное страхование жизни;2010-02-05 18:14:05;1731
7732;Защита от травм;2015-09-03 17:18:03;1732
7733;Ипотечное страхование жизни;2016-05-13 04:16:13;1733
7734;Страхование путешественников;2013-03-10 01:43:10;1734
7735;Ипотечное страхование жизни;2015-11-20 15:08:20;1735
7736;Защита дома;2013-10-12 19:18:12;1736
7737;Ипотечное страхование жизни;2017-05-26 03:37:26;1737
7738;Страхование путешественников;2017-02-23 20:13:23;1738
7739;Защита дома;2011-03-26 16:25:26;1739
7740;Страхование путешественников;2017-02-16 07:29:16;1740
7741;Ипотечное страхование недвижемости;2014-11-17 23:24:17;1741
7742;Защита от травм;2012-04-26 13:15:26;1742
7743;Ипотечное страхование недвижемости;2016-09-04 17:07:04;1743
7744;Защита любимых вещей;2010-09-07 09:14:07;1744
7745;Защита от травм;2017-05-28 22:04:28;1745
7746;Защита любимых вещей;2012-03-17 15:07:17;1746
7747;Страхование финансов;2017-11-28 14:10:28;1747
7748;Ипотечное страхование недвижемости;2017-07-07 20:50:07;1748
7749;ОСАГО;2016-09-22 14:00:22;1749
7750;Ипотечное страхование недвижемости;2014-06-22 11:01:22;1750
7751;Страхование путешественников;2017-09-20 18:20:20;1751
7752;Ипотечное страхование жизни;2014-11-02 19:23:02;1752
7753;Ипотечное страхование жизни;2015-09-14 09:25:14;1753
7754;Защита от травм;2012-11-16 21:03:16;1754
7755;Страхование финансов;2016-01-16 18:19:16;1755
7756;Ипотечное страхование недвижемости;2017-12-24 22:56:24;1756
7757;Страхование финансов;2016-04-26 02:25:26;1757
7758;Защита от травм;2017-04-24 16:08:24;1758
7759;ОСАГО;2013-12-03 16:39:03;1759
7760;Страхование путешественников;2012-05-28 06:21:28;1760
7761;КАСКО;2015-09-10 07:00:10;1761
7762;Защита от травм;2017-10-20 02:07:20;1762
7763;КАСКО;2017-07-14 17:45:14;1763
7764;Страхование путешественников;2013-09-08 09:23:08;1764
7765;Ипотечное страхование жизни;2010-01-22 21:00:22;1765
7766;Страхование финансов;2012-06-29 07:42:29;1766
7767;Страхование путешественников;2010-03-09 15:54:09;1767
7768;ОСАГО;2015-07-16 04:42:16;1768
7769;Страхование путешественников;2014-10-14 14:09:14;1769
7770;Ипотечное страхование недвижемости;2011-08-26 00:26:26;1770
7771;Страхование финансов;2012-04-18 07:17:18;1771
7772;Защита дома;2017-10-14 05:47:14;1772
7773;Страхование путешественников;2012-05-10 12:05:10;1773
7774;Страхование финансов;2017-09-01 18:47:01;1774
7775;Ипотечное страхование жизни;2013-06-02 01:56:02;1775
7776;Страхование финансов;2014-05-24 07:02:24;1776
7777;Страхование путешественников;2012-05-21 12:14:21;1777
7778;ОСАГО;2013-01-26 16:04:26;1778
7779;Защита любимых вещей;2016-03-24 11:46:24;1779
7780;ОСАГО;2013-06-10 19:43:10;1780
7781;Защита любимых вещей;2015-08-12 20:00:12;1781
7782;Защита от травм;2012-07-01 16:30:01;1782
7783;Защита от травм;2016-07-10 14:35:10;1783
7784;Ипотечное страхование жизни;2017-02-16 11:58:16;1784
7785;Страхование путешественников;2017-11-24 12:36:24;1785
7786;ОСАГО;2010-09-22 07:08:22;1786
7787;КАСКО;2015-03-28 14:02:28;1787
7788;Ипотечное страхование жизни;2017-10-18 16:48:18;1788
7789;Защита от травм;2014-03-28 23:07:28;1789
7790;Ипотечное страхование недвижемости;2010-08-22 21:56:22;1790
7791;ОСАГО;2014-06-01 03:41:01;1791
7792;ОСАГО;2017-11-25 00:05:25;1792
7793;Ипотечное страхование недвижемости;2010-09-26 08:34:26;1793
7794;Защита от травм;2011-04-07 09:43:07;1794
7795;Защита от травм;2013-03-26 02:57:26;1795
7796;КАСКО;2010-01-09 16:35:09;1796
7797;Защита дома;2012-08-20 05:47:20;1797
7798;Защита любимых вещей;2011-09-29 14:10:29;1798
7799;КАСКО;2011-12-29 21:06:29;1799
7800;Ипотечное страхование жизни;2012-11-12 05:58:12;1800
7801;Защита от травм;2012-04-19 23:29:19;1801
7802;Страхование финансов;2015-05-07 17:54:07;1802
7803;Страхование путешественников;2016-02-13 21:20:13;1803
7804;Страхование финансов;2011-04-08 20:42:08;1804
7805;Защита дома;2017-03-19 06:19:19;1805
7806;Страхование путешественников;2017-06-19 02:19:19;1806
7807;Ипотечное страхование недвижемости;2016-03-01 04:41:01;1807
7808;Защита любимых вещей;2016-03-05 22:13:05;1808
7809;Ипотечное страхование недвижемости;2013-12-30 14:43:30;1809
7810;ОСАГО;2017-08-17 07:47:17;1810
7811;Защита дома;2015-10-21 22:03:21;1811
7812;Ипотечное страхование недвижемости;2012-09-07 12:44:07;1812
7813;Защита дома;2012-05-19 21:04:19;1813
7814;КАСКО;2015-06-21 01:28:21;1814
7815;Защита любимых вещей;2011-11-02 18:15:02;1815
7816;Страхование путешественников;2011-12-30 23:25:30;1816
7817;Ипотечное страхование жизни;2017-03-25 17:35:25;1817
7818;ОСАГО;2014-10-07 09:28:07;1818
7819;Защита любимых вещей;2014-03-11 11:56:11;1819
7820;Защита любимых вещей;2015-06-09 06:16:09;1820
7821;Ипотечное страхование жизни;2016-07-15 04:23:15;1821
7822;Страхование путешественников;2011-05-30 08:43:30;1822
7823;КАСКО;2017-11-30 11:39:30;1823
7824;Защита дома;2010-06-22 14:11:22;1824
7825;КАСКО;2017-05-30 01:26:30;1825
7826;Ипотечное страхование жизни;2013-06-02 11:02:02;1826
7827;Страхование финансов;2015-03-10 03:49:10;1827
7828;Ипотечное страхование жизни;2014-09-05 20:55:05;1828
7829;Защита от травм;2010-02-04 12:37:04;1829
7830;Защита от травм;2012-12-08 03:08:08;1830
7831;Ипотечное страхование недвижемости;2015-04-23 12:44:23;1831
7832;Ипотечное страхование недвижемости;2015-10-06 05:06:06;1832
7833;Ипотечное страхование недвижемости;2011-12-13 13:38:13;1833
7834;Защита любимых вещей;2014-03-28 06:36:28;1834
7835;Страхование финансов;2016-09-13 16:34:13;1835
7836;КАСКО;2015-07-25 10:15:25;1836
7837;Ипотечное страхование недвижемости;2015-06-16 12:06:16;1837
7838;Страхование путешественников;2013-09-17 17:51:17;1838
7839;КАСКО;2010-12-02 07:21:02;1839
7840;Ипотечное страхование недвижемости;2010-01-12 12:45:12;1840
7841;Защита от травм;2016-03-28 11:30:28;1841
7842;Ипотечное страхование недвижемости;2011-11-18 20:14:18;1842
7843;Ипотечное страхование жизни;2010-08-21 03:01:21;1843
7844;Защита от травм;2017-04-01 05:52:01;1844
7845;Ипотечное страхование недвижемости;2017-01-11 23:11:11;1845
7846;КАСКО;2017-05-22 19:56:22;1846
7847;Ипотечное страхование недвижемости;2013-08-28 11:21:28;1847
7848;Страхование финансов;2017-06-05 11:44:05;1848
7849;ОСАГО;2015-09-11 06:23:11;1849
7850;Страхование путешественников;2011-01-03 10:02:03;1850
7851;Ипотечное страхование недвижемости;2014-11-25 18:00:25;1851
7852;КАСКО;2012-11-23 21:22:23;1852
7853;КАСКО;2017-03-22 00:12:22;1853
7854;ОСАГО;2013-08-16 06:29:16;1854
7855;Защита от травм;2010-06-05 22:33:05;1855
7856;ОСАГО;2016-02-09 06:39:09;1856
7857;Ипотечное страхование недвижемости;2013-09-21 15:37:21;1857
7858;Ипотечное страхование жизни;2010-04-08 12:06:08;1858
7859;ОСАГО;2017-05-26 02:23:26;1859
7860;Защита дома;2013-08-27 04:21:27;1860
7861;Защита любимых вещей;2012-06-08 23:30:08;1861
7862;КАСКО;2010-01-29 04:36:29;1862
7863;Страхование финансов;2014-02-17 20:48:17;1863
7864;Защита любимых вещей;2010-03-27 08:06:27;1864
7865;Ипотечное страхование жизни;2015-09-23 14:35:23;1865
7866;ОСАГО;2010-04-29 20:32:29;1866
7867;Ипотечное страхование недвижемости;2016-01-15 22:59:15;1867
7868;Защита дома;2016-09-05 04:24:05;1868
7869;Защита дома;2017-01-30 11:26:30;1869
7870;Защита любимых вещей;2016-05-26 23:22:26;1870
7871;Защита любимых вещей;2015-09-06 15:58:06;1871
7872;Защита дома;2013-12-15 08:39:15;1872
7873;ОСАГО;2013-02-11 08:35:11;1873
7874;Защита любимых вещей;2013-10-30 11:25:30;1874
7875;Ипотечное страхование жизни;2010-09-24 08:40:24;1875
7876;ОСАГО;2013-02-19 05:07:19;1876
7877;Защита дома;2015-07-25 08:21:25;1877
7878;Защита от травм;2012-04-02 05:53:02;1878
7879;Защита любимых вещей;2015-12-25 23:52:25;1879
7880;Страхование путешественников;2011-06-07 06:55:07;1880
7881;Страхование путешественников;2015-04-17 08:58:17;1881
7882;ОСАГО;2017-06-09 14:51:09;1882
7883;Защита дома;2011-05-16 14:16:16;1883
7884;Страхование финансов;2012-03-04 20:05:04;1884
7885;Страхование финансов;2010-04-16 16:34:16;1885
7886;Страхование путешественников;2011-04-16 21:15:16;1886
7887;Ипотечное страхование жизни;2017-12-09 18:22:09;1887
7888;Защита любимых вещей;2012-10-26 07:30:26;1888
7889;Страхование путешественников;2017-08-30 09:07:30;1889
7890;Защита любимых вещей;2011-10-25 18:55:25;1890
7891;Страхование финансов;2013-11-14 04:37:14;1891
7892;Защита любимых вещей;2016-12-12 20:54:12;1892
7893;Защита любимых вещей;2013-08-30 20:27:30;1893
7894;Защита дома;2013-02-28 00:33:28;1894
7895;Защита от травм;2010-06-18 03:18:18;1895
7896;Ипотечное страхование жизни;2014-04-10 20:58:10;1896
7897;ОСАГО;2017-08-21 08:19:21;1897
7898;Защита дома;2013-08-09 17:43:09;1898
7899;КАСКО;2016-02-20 22:35:20;1899
7900;Ипотечное страхование жизни;2016-08-14 09:10:14;1900
7901;Страхование путешественников;2016-02-02 10:20:02;1901
7902;Ипотечное страхование недвижемости;2011-07-15 00:53:15;1902
7903;Защита любимых вещей;2016-06-13 12:30:13;1903
7904;Страхование финансов;2013-12-13 15:56:13;1904
7905;Ипотечное страхование недвижемости;2014-08-16 11:58:16;1905
7906;Защита от травм;2017-06-21 11:21:21;1906
7907;Страхование путешественников;2010-01-29 20:59:29;1907
7908;Защита любимых вещей;2010-05-06 16:29:06;1908
7909;КАСКО;2017-12-23 06:34:23;1909
7910;Защита дома;2010-01-22 13:20:22;1910
7911;Ипотечное страхование недвижемости;2012-10-25 13:50:25;1911
7912;Защита любимых вещей;2012-01-03 14:58:03;1912
7913;Ипотечное страхование жизни;2010-01-09 07:23:09;1913
7914;Защита любимых вещей;2012-01-26 05:54:26;1914
7915;Защита дома;2013-08-06 06:41:06;1915
7916;ОСАГО;2015-04-10 08:25:10;1916
7917;Ипотечное страхование жизни;2013-09-26 11:30:26;1917
7918;Защита любимых вещей;2014-05-24 11:00:24;1918
7919;Ипотечное страхование недвижемости;2010-06-19 05:07:19;1919
7920;Страхование финансов;2010-08-07 22:42:07;1920
7921;Страхование финансов;2015-03-29 11:54:29;1921
7922;Ипотечное страхование жизни;2012-01-21 13:28:21;1922
7923;Ипотечное страхование недвижемости;2014-08-07 16:32:07;1923
7924;Страхование финансов;2010-07-26 04:35:26;1924
7925;Защита от травм;2015-10-08 09:27:08;1925
7926;Защита любимых вещей;2016-03-11 20:59:11;1926
7927;Ипотечное страхование жизни;2014-04-20 14:13:20;1927
7928;КАСКО;2013-11-18 01:42:18;1928
7929;Страхование финансов;2011-09-08 00:53:08;1929
7930;Защита любимых вещей;2010-01-31 04:09:31;1930
7931;Ипотечное страхование недвижемости;2010-12-29 21:21:29;1931
7932;ОСАГО;2017-05-18 06:34:18;1932
7933;КАСКО;2014-06-25 14:47:25;1933
7934;ОСАГО;2017-02-10 04:23:10;1934
7935;Защита любимых вещей;2015-03-25 02:58:25;1935
7936;Защита от травм;2012-01-06 16:34:06;1936
7937;Защита дома;2014-10-07 03:40:07;1937
7938;ОСАГО;2016-10-22 02:01:22;1938
7939;Защита дома;2010-09-08 22:00:08;1939
7940;Страхование финансов;2010-11-14 21:58:14;1940
7941;Защита любимых вещей;2010-04-13 23:51:13;1941
7942;Страхование путешественников;2012-10-24 00:16:24;1942
7943;Защита любимых вещей;2014-02-28 11:13:28;1943
7944;Страхование путешественников;2013-02-24 17:54:24;1944
7945;Ипотечное страхование жизни;2017-11-18 07:35:18;1945
7946;Защита дома;2012-11-22 13:12:22;1946
7947;Ипотечное страхование жизни;2015-07-31 01:18:31;1947
7948;Защита дома;2016-03-10 16:22:10;1948
7949;Ипотечное страхование жизни;2013-07-27 14:58:27;1949
7950;Страхование финансов;2016-12-11 05:45:11;1950
7951;КАСКО;2013-12-30 12:48:30;1951
7952;ОСАГО;2011-06-13 10:16:13;1952
7953;Защита дома;2016-06-12 06:00:12;1953
7954;Защита дома;2012-12-27 01:46:27;1954
7955;Ипотечное страхование недвижемости;2013-08-02 20:08:02;1955
7956;Страхование путешественников;2012-07-02 09:22:02;1956
7957;Защита от травм;2012-10-04 20:30:04;1957
7958;Страхование путешественников;2013-03-03 23:55:03;1958
7959;Защита от травм;2011-08-25 11:34:25;1959
7960;Защита от травм;2011-01-23 04:18:23;1960
7961;Ипотечное страхование жизни;2015-11-12 22:14:12;1961
7962;Страхование финансов;2017-10-02 09:49:02;1962
7963;КАСКО;2010-08-10 01:18:10;1963
7964;Ипотечное страхование недвижемости;2012-12-16 02:34:16;1964
7965;Ипотечное страхование жизни;2014-04-03 06:48:03;1965
7966;Защита дома;2011-02-21 15:53:21;1966
7967;Ипотечное страхование жизни;2014-01-06 17:22:06;1967
7968;Защита дома;2010-02-24 16:34:24;1968
7969;Страхование финансов;2015-07-17 13:39:17;1969
7970;Страхование путешественников;2013-11-04 13:26:04;1970
7971;Защита от травм;2014-07-20 17:41:20;1971
7972;Ипотечное страхование жизни;2016-09-17 03:34:17;1972
7973;Ипотечное страхование жизни;2010-06-18 18:11:18;1973
7974;Страхование финансов;2014-07-06 20:42:06;1974
7975;ОСАГО;2014-01-04 22:02:04;1975
7976;КАСКО;2016-11-11 21:41:11;1976
7977;Страхование путешественников;2016-11-17 15:36:17;1977
7978;Ипотечное страхование недвижемости;2013-11-30 18:44:30;1978
7979;Защита от травм;2011-04-28 04:06:28;1979
7980;Страхование путешественников;2016-12-05 01:56:05;1980
7981;Ипотечное страхование жизни;2011-10-14 09:00:14;1981
7982;Страхование финансов;2012-12-10 11:30:10;1982
7983;Страхование путешественников;2014-07-15 23:25:15;1983
7984;Защита дома;2017-05-14 00:13:14;1984
7985;Ипотечное страхование жизни;2015-04-16 21:24:16;1985
7986;КАСКО;2016-08-14 13:48:14;1986
7987;Защита дома;2012-10-30 21:24:30;1987
7988;Страхование финансов;2016-10-03 17:17:03;1988
7989;Страхование путешественников;2014-08-19 11:37:19;1989
7990;Ипотечное страхование жизни;2014-02-02 15:21:02;1990
7991;Защита любимых вещей;2012-07-02 01:21:02;1991
7992;Ипотечное страхование недвижемости;2015-10-23 10:46:23;1992
7993;Страхование финансов;2016-03-05 06:24:05;1993
7994;ОСАГО;2014-08-15 16:43:15;1994
7995;Страхование путешественников;2016-12-22 16:26:22;1995
7996;Защита от травм;2013-05-10 03:12:10;1996
7997;Защита любимых вещей;2017-05-30 16:21:30;1997
7998;ОСАГО;2011-08-11 17:22:11;1998
7999;Ипотечное страхование жизни;2014-10-23 13:41:23;1999
8000;Страхование финансов;2010-05-10 21:57:10;2000
